"Station Name","Date (Local Standard Time)","Wind Speed 10 m Inst. (km/h)","Wind Dir. 10 m Inst. (°)","Wind Speed 10 m Ave. (km/h)","Wind Dir. 10 m Ave. (°)"
"Prentiss","01-December-2013 00:00","17.580","221.300","18.640","221.900"
"Prentiss","01-December-2013 01:00","18.540","212.900","18.350","215.400"
"Prentiss","01-December-2013 02:00","16.080","199.700","16.240","206.300"
"Prentiss","01-December-2013 03:00","14.090","193.400","15.880","196.100"
"Prentiss","01-December-2013 04:00","5.059","167.400","4.571","186.400"
"Prentiss","01-December-2013 05:00","19.960","201.600","15.000","199.900"
"Prentiss","01-December-2013 06:00","9.510","158.400","12.890","190.900"
"Prentiss","01-December-2013 07:00","5.176","166.100","5.889","144.000"
"Prentiss","01-December-2013 08:00","6.322","138.200","6.985","141.800"
"Prentiss","01-December-2013 09:00","7.810","164.000","7.110","151.500"
"Prentiss","01-December-2013 10:00","7.600","115.100","6.791","119.400"
"Prentiss","01-December-2013 11:00","7.850","107.200","8.060","120.200"
"Prentiss","01-December-2013 12:00","8.960","132.000","7.910","125.600"
"Prentiss","01-December-2013 13:00","11.640","114.200","9.890","118.700"
"Prentiss","01-December-2013 14:00","11.440","111.100","11.490","113.400"
"Prentiss","01-December-2013 15:00","11.070","88.200","10.260","104.300"
"Prentiss","01-December-2013 16:00","12.220","134.000","10.720","123.200"
"Prentiss","01-December-2013 17:00","13.050","119.400","15.640","123.800"
"Prentiss","01-December-2013 18:00","11.880","104.500","11.420","109.900"
"Prentiss","01-December-2013 19:00","14.860","83.700","13.440","91.800"
"Prentiss","01-December-2013 20:00","14.180","83.800","16.010","82.500"
"Prentiss","01-December-2013 21:00","14.770","74.200","14.370","84.900"
"Prentiss","01-December-2013 22:00","14.440","93.300","15.390","82.700"
"Prentiss","01-December-2013 23:00","15.350","57.800","12.170","81.800"
"Prentiss","02-December-2013 00:00","12.620","38.540","12.850","51.400"
"Prentiss","02-December-2013 01:00","16.650","25.940","13.890","34.950"
"Prentiss","02-December-2013 02:00","17.680","12.630","17.150","17.680"
"Prentiss","02-December-2013 03:00","33.860","333.100","28.590","337.500"
"Prentiss","02-December-2013 04:00","33.660","328.400","33.190","331.400"
"Prentiss","02-December-2013 05:00","36.160","327.700","37.800","330.000"
"Prentiss","02-December-2013 06:00","36.000","322.900","35.540","323.900"
"Prentiss","02-December-2013 07:00","35.170","326.100","35.840","325.600"
"Prentiss","02-December-2013 08:00","37.000","321.000","35.200","322.500"
"Prentiss","02-December-2013 09:00","34.860","316.700","34.670","320.000"
"Prentiss","02-December-2013 10:00","36.080","316.500","34.410","316.900"
"Prentiss","02-December-2013 11:00","38.230","315.100","36.140","314.300"
"Prentiss","02-December-2013 12:00","36.550","317.000","36.770","315.400"
"Prentiss","02-December-2013 13:00","36.170","318.600","35.720","317.000"
"Prentiss","02-December-2013 14:00","40.690","327.600","38.800","324.900"
"Prentiss","02-December-2013 15:00","42.060","327.000","39.170","326.200"
"Prentiss","02-December-2013 16:00","36.880","320.100","37.250","323.400"
"Prentiss","02-December-2013 17:00","33.660","323.700","35.600","322.600"
"Prentiss","02-December-2013 18:00","38.010","325.300","36.640","323.900"
"Prentiss","02-December-2013 19:00","40.080","","39.840",""
"Prentiss","02-December-2013 20:00","42.150","330.300","43.030","330.500"
"Prentiss","02-December-2013 21:00","43.200","330.900","43.490","330.400"
"Prentiss","02-December-2013 22:00","41.090","331.400","42.350","331.600"
"Prentiss","02-December-2013 23:00","38.700","329.500","41.510","331.400"
"Prentiss","03-December-2013 00:00","33.840","325.300","36.670","325.500"
"Prentiss","03-December-2013 01:00","35.350","321.200","32.990","322.000"
"Prentiss","03-December-2013 02:00","30.580","320.300","31.620","320.100"
"Prentiss","03-December-2013 03:00","33.530","323.900","32.670","323.700"
"Prentiss","03-December-2013 04:00","34.340","325.500","33.570","324.400"
"Prentiss","03-December-2013 05:00","31.620","324.500","33.380","324.500"
"Prentiss","03-December-2013 06:00","31.140","328.000","30.120","326.200"
"Prentiss","03-December-2013 07:00","20.570","320.600","26.860","325.800"
"Prentiss","03-December-2013 08:00","18.680","304.800","20.400","314.700"
"Prentiss","03-December-2013 09:00","18.060","","19.700",""
"Prentiss","03-December-2013 10:00","17.440","294.700","18.990","303.400"
"Prentiss","03-December-2013 11:00","18.130","","19.160",""
"Prentiss","03-December-2013 12:00","18.830","317.200","19.330","316.000"
"Prentiss","03-December-2013 13:00","22.630","316.900","20.620","317.100"
"Prentiss","03-December-2013 14:00","20.270","313.600","20.290","316.200"
"Prentiss","03-December-2013 15:00","17.540","315.000","18.100","311.300"
"Prentiss","03-December-2013 16:00","25.190","322.900","23.530","320.500"
"Prentiss","03-December-2013 17:00","17.200","311.900","19.790","317.100"
"Prentiss","03-December-2013 18:00","14.720","313.700","15.480","312.200"
"Prentiss","03-December-2013 19:00","16.570","317.300","17.470","317.500"
"Prentiss","03-December-2013 20:00","14.700","311.300","15.450","311.600"
"Prentiss","03-December-2013 21:00","28.980","330.900","21.030","322.600"
"Prentiss","03-December-2013 22:00","25.480","329.000","25.560","331.300"
"Prentiss","03-December-2013 23:00","26.050","336.500","25.060","333.100"
"Prentiss","04-December-2013 00:00","29.090","332.100","27.760","333.300"
"Prentiss","04-December-2013 01:00","34.220","330.700","31.560","332.300"
"Prentiss","04-December-2013 02:00","23.040","329.100","26.100","330.800"
"Prentiss","04-December-2013 03:00","22.200","","24.240",""
"Prentiss","04-December-2013 04:00","21.350","323.400","22.380","326.200"
"Prentiss","04-December-2013 05:00","22.490","325.700","21.660","325.300"
"Prentiss","04-December-2013 06:00","20.990","320.500","21.020","320.400"
"Prentiss","04-December-2013 07:00","20.030","325.500","21.050","325.700"
"Prentiss","04-December-2013 08:00","16.780","315.200","17.610","319.300"
"Prentiss","04-December-2013 09:00","16.630","318.000","16.230","316.300"
"Prentiss","04-December-2013 10:00","13.370","300.400","13.920","308.400"
"Prentiss","04-December-2013 11:00","12.120","293.900","12.550","298.700"
"Prentiss","04-December-2013 12:00","9.110","294.000","10.260","300.600"
"Prentiss","04-December-2013 13:00","6.707","294.400","7.600","294.600"
"Prentiss","04-December-2013 14:00","7.650","292.200","8.440","293.900"
"Prentiss","04-December-2013 15:00","7.880","302.900","8.150","297.600"
"Prentiss","04-December-2013 16:00","6.464","295.300","7.970","293.100"
"Prentiss","04-December-2013 17:00","7.200","344.400","4.843","319.800"
"Prentiss","04-December-2013 18:00","5.513","8.070","6.752","8.340"
"Prentiss","04-December-2013 19:00","5.020","","6.540",""
"Prentiss","04-December-2013 20:00","4.529","289.000","6.322","306.000"
"Prentiss","04-December-2013 21:00","7.960","276.600","7.320","267.500"
"Prentiss","04-December-2013 22:00","8.640","280.800","8.190","278.600"
"Prentiss","04-December-2013 23:00","6.552","277.100","7.770","283.000"
"Prentiss","05-December-2013 00:00","2.116","260.400","4.081","267.000"
"Prentiss","05-December-2013 01:00","4.238","313.800","3.817","303.100"
"Prentiss","05-December-2013 02:00","2.580","119.900","3.265","60.490"
"Prentiss","05-December-2013 03:00","3.440","","3.490",""
"Prentiss","05-December-2013 04:00","4.298","38.460","3.706","334.600"
"Prentiss","05-December-2013 05:00","4.611","15.970","4.787","25.330"
"Prentiss","05-December-2013 06:00","5.471","10.080","4.877","12.300"
"Prentiss","05-December-2013 07:00","4.805","20.130","4.821","10.070"
"Prentiss","05-December-2013 08:00","2.335","13.150","3.731","17.920"
"Prentiss","05-December-2013 09:00","5.366","359.700","4.850","352.700"
"Prentiss","05-December-2013 10:00","5.030","302.100","4.935","312.100"
"Prentiss","05-December-2013 11:00","4.592","294.500","5.075","297.400"
"Prentiss","05-December-2013 12:00","6.977","296.300","6.846","289.600"
"Prentiss","05-December-2013 13:00","8.930","311.500","8.600","306.400"
"Prentiss","05-December-2013 14:00","21.610","329.300","16.070","326.300"
"Prentiss","05-December-2013 15:00","21.210","336.900","18.750","327.800"
"Prentiss","05-December-2013 16:00","21.930","336.800","24.610","336.100"
"Prentiss","05-December-2013 17:00","20.380","328.000","21.320","330.200"
"Prentiss","05-December-2013 18:00","20.230","319.200","16.800","314.700"
"Prentiss","05-December-2013 19:00","20.040","323.600","22.720","326.500"
"Prentiss","05-December-2013 20:00","16.290","309.500","18.050","317.300"
"Prentiss","05-December-2013 21:00","19.530","322.200","19.880","322.600"
"Prentiss","05-December-2013 22:00","20.560","332.700","21.110","327.200"
"Prentiss","05-December-2013 23:00","16.640","330.400","19.590","331.900"
"Prentiss","06-December-2013 00:00","13.980","324.000","14.680","323.500"
"Prentiss","06-December-2013 01:00","13.190","323.000","12.460","326.200"
"Prentiss","06-December-2013 02:00","15.190","319.400","15.540","319.800"
"Prentiss","06-December-2013 03:00","13.030","","13.210",""
"Prentiss","06-December-2013 04:00","10.870","298.200","10.890","305.400"
"Prentiss","06-December-2013 05:00","12.150","299.200","13.000","299.800"
"Prentiss","06-December-2013 06:00","13.650","311.700","13.540","307.200"
"Prentiss","06-December-2013 07:00","12.780","","12.580",""
"Prentiss","06-December-2013 08:00","11.910","","11.620",""
"Prentiss","06-December-2013 09:00","11.040","297.300","10.660","298.400"
"Prentiss","06-December-2013 10:00","9.350","292.300","10.080","290.300"
"Prentiss","06-December-2013 11:00","9.640","301.300","9.480","299.200"
"Prentiss","06-December-2013 12:00","11.200","286.500","10.060","295.500"
"Prentiss","06-December-2013 13:00","13.110","286.000","10.960","287.500"
"Prentiss","06-December-2013 14:00","11.250","283.500","11.670","284.600"
"Prentiss","06-December-2013 15:00","9.190","282.400","10.040","282.900"
"Prentiss","06-December-2013 16:00","9.390","279.000","8.620","281.900"
"Prentiss","06-December-2013 17:00","10.090","274.900","9.640","279.300"
"Prentiss","06-December-2013 18:00","9.310","261.900","9.200","269.000"
"Prentiss","06-December-2013 19:00","9.150","247.300","9.350","262.000"
"Prentiss","06-December-2013 20:00","10.470","253.600","9.380","254.200"
"Prentiss","06-December-2013 21:00","14.910","231.200","12.520","236.100"
"Prentiss","06-December-2013 22:00","16.730","","13.870",""
"Prentiss","06-December-2013 23:00","18.560","232.500","15.210","234.300"
"Prentiss","07-December-2013 00:00","19.180","236.000","17.430","238.000"
"Prentiss","07-December-2013 01:00","20.230","232.400","19.760","235.800"
"Prentiss","07-December-2013 02:00","19.400","231.300","17.920","225.400"
"Prentiss","07-December-2013 03:00","22.860","231.900","21.670","231.800"
"Prentiss","07-December-2013 04:00","24.040","227.200","22.510","229.800"
"Prentiss","07-December-2013 05:00","22.330","227.000","23.170","225.700"
"Prentiss","07-December-2013 06:00","23.610","224.400","23.430","226.100"
"Prentiss","07-December-2013 07:00","23.360","221.800","22.620","223.100"
"Prentiss","07-December-2013 08:00","26.260","230.000","25.060","224.400"
"Prentiss","07-December-2013 09:00","25.900","237.200","25.210","234.500"
"Prentiss","07-December-2013 10:00","22.490","238.300","23.060","238.800"
"Prentiss","07-December-2013 11:00","17.500","248.700","19.770","246.700"
"Prentiss","07-December-2013 12:00","21.920","236.400","21.440","241.000"
"Prentiss","07-December-2013 13:00","22.220","262.100","20.260","251.200"
"Prentiss","07-December-2013 14:00","19.970","254.100","20.020","255.800"
"Prentiss","07-December-2013 15:00","20.120","253.000","20.060","255.100"
"Prentiss","07-December-2013 16:00","19.910","273.200","19.660","259.800"
"Prentiss","07-December-2013 17:00","18.400","284.200","19.160","282.600"
"Prentiss","07-December-2013 18:00","20.340","283.200","18.460","282.300"
"Prentiss","07-December-2013 19:00","22.050","289.800","21.720","285.900"
"Prentiss","07-December-2013 20:00","14.790","297.200","18.020","294.700"
"Prentiss","07-December-2013 21:00","22.970","320.700","20.190","313.300"
"Prentiss","07-December-2013 22:00","20.540","323.200","19.250","319.400"
"Prentiss","07-December-2013 23:00","28.090","324.300","26.000","329.600"
"Prentiss","08-December-2013 00:00","19.040","330.300","20.600","324.700"
"Prentiss","08-December-2013 01:00","16.370","332.900","16.740","329.600"
"Prentiss","08-December-2013 02:00","12.890","311.400","15.010","324.500"
"Prentiss","08-December-2013 03:00","9.190","311.500","11.290","314.000"
"Prentiss","08-December-2013 04:00","5.772","296.400","5.760","299.100"
"Prentiss","08-December-2013 05:00","14.780","311.400","10.760","298.500"
"Prentiss","08-December-2013 06:00","25.250","353.100","23.260","336.700"
"Prentiss","08-December-2013 07:00","23.990","0.672","25.730","0.641"
"Prentiss","08-December-2013 08:00","23.750","355.700","25.500","357.400"
"Prentiss","08-December-2013 09:00","15.550","333.500","20.660","345.900"
"Prentiss","08-December-2013 10:00","19.370","321.700","14.610","317.500"
"Prentiss","08-December-2013 11:00","14.710","318.900","20.670","334.600"
"Prentiss","08-December-2013 12:00","18.010","321.500","13.730","311.500"
"Prentiss","08-December-2013 13:00","10.890","313.000","12.020","303.800"
"Prentiss","08-December-2013 14:00","14.670","309.900","13.070","309.700"
"Prentiss","08-December-2013 15:00","10.820","285.800","10.780","294.500"
"Prentiss","08-December-2013 16:00","8.290","283.400","8.720","289.600"
"Prentiss","08-December-2013 17:00","9.910","257.400","9.200","264.700"
"Prentiss","08-December-2013 18:00","16.490","218.400","15.120","230.700"
"Prentiss","08-December-2013 19:00","19.460","221.300","18.200","219.600"
"Prentiss","08-December-2013 20:00","21.940","224.900","21.180","222.000"
"Prentiss","08-December-2013 21:00","21.160","226.200","19.800","223.400"
"Prentiss","08-December-2013 22:00","17.640","240.000","19.760","235.400"
"Prentiss","08-December-2013 23:00","22.190","236.100","19.930","236.200"
"Prentiss","09-December-2013 00:00","25.830","227.900","22.560","231.500"
"Prentiss","09-December-2013 01:00","26.900","244.000","25.490","232.200"
"Prentiss","09-December-2013 02:00","20.760","262.000","24.700","249.800"
"Prentiss","09-December-2013 03:00","18.720","276.300","19.080","272.500"
"Prentiss","09-December-2013 04:00","15.850","301.000","16.550","293.900"
"Prentiss","09-December-2013 05:00","38.630","330.200","24.370","320.700"
"Prentiss","09-December-2013 06:00","32.530","321.900","34.950","330.400"
"Prentiss","09-December-2013 07:00","34.920","325.500","34.460","325.200"
"Prentiss","09-December-2013 08:00","32.030","334.600","32.960","332.500"
"Prentiss","09-December-2013 09:00","32.780","342.300","32.810","340.200"
"Prentiss","09-December-2013 10:00","38.270","334.900","37.700","338.400"
"Prentiss","09-December-2013 11:00","30.150","330.700","30.110","332.900"
"Prentiss","09-December-2013 12:00","23.760","321.200","25.330","322.600"
"Prentiss","09-December-2013 13:00","17.910","305.500","19.670","314.000"
"Prentiss","09-December-2013 14:00","18.040","303.500","18.560","305.900"
"Prentiss","09-December-2013 15:00","21.620","303.600","19.760","300.400"
"Prentiss","09-December-2013 16:00","21.660","","20.480",""
"Prentiss","09-December-2013 17:00","21.700","313.400","21.190","307.700"
"Prentiss","09-December-2013 18:00","16.230","297.000","17.070","302.900"
"Prentiss","09-December-2013 19:00","11.240","290.200","13.120","296.900"
"Prentiss","09-December-2013 20:00","12.210","280.700","12.870","285.400"
"Prentiss","09-December-2013 21:00","15.930","284.400","15.020","284.600"
"Prentiss","09-December-2013 22:00","19.180","323.600","16.190","305.800"
"Prentiss","09-December-2013 23:00","18.200","336.300","18.580","336.000"
"Prentiss","10-December-2013 00:00","22.220","339.500","20.520","333.400"
"Prentiss","10-December-2013 01:00","14.490","359.800","16.890","0.100"
"Prentiss","10-December-2013 02:00","17.240","0.472","14.820","0.638"
"Prentiss","10-December-2013 03:00","23.080","8.500","24.600","8.090"
"Prentiss","10-December-2013 04:00","27.310","8.260","24.150","7.270"
"Prentiss","10-December-2013 05:00","25.310","2.207","25.040","6.049"
"Prentiss","10-December-2013 06:00","21.690","355.100","22.770","360.000"
"Prentiss","10-December-2013 07:00","21.000","355.300","20.480","356.400"
"Prentiss","10-December-2013 08:00","16.770","355.000","22.280","354.900"
"Prentiss","10-December-2013 09:00","13.490","357.900","14.830","0.158"
"Prentiss","10-December-2013 10:00","15.900","0.245","15.550","354.200"
"Prentiss","10-December-2013 11:00","11.410","348.500","12.330","356.000"
"Prentiss","10-December-2013 12:00","4.893","286.900","6.457","341.600"
"Prentiss","10-December-2013 13:00","3.039","283.000","4.556","291.600"
"Prentiss","10-December-2013 14:00","7.430","250.100","5.473","259.800"
"Prentiss","10-December-2013 15:00","9.580","205.200","7.840","222.300"
"Prentiss","10-December-2013 16:00","13.740","213.000","12.310","208.600"
"Prentiss","10-December-2013 17:00","12.760","202.600","14.440","212.800"
"Prentiss","10-December-2013 18:00","12.060","200.100","13.060","205.100"
"Prentiss","10-December-2013 19:00","19.170","203.500","16.720","199.600"
"Prentiss","10-December-2013 20:00","16.300","199.400","16.870","199.300"
"Prentiss","10-December-2013 21:00","6.400","133.800","12.760","188.900"
"Prentiss","10-December-2013 22:00","22.170","211.500","16.520","200.300"
"Prentiss","10-December-2013 23:00","28.670","209.600","28.710","209.500"
"Prentiss","11-December-2013 00:00","24.790","213.600","26.210","210.500"
"Prentiss","11-December-2013 01:00","18.750","228.900","22.250","220.400"
"Prentiss","11-December-2013 02:00","19.040","227.200","19.590","233.600"
"Prentiss","11-December-2013 03:00","17.950","240.200","17.460","235.700"
"Prentiss","11-December-2013 04:00","15.520","256.000","17.910","244.500"
"Prentiss","11-December-2013 05:00","14.780","259.000","15.420","260.500"
"Prentiss","11-December-2013 06:00","13.190","277.500","14.030","264.300"
"Prentiss","11-December-2013 07:00","14.480","274.500","14.200","280.200"
"Prentiss","11-December-2013 08:00","12.340","276.400","11.360","275.600"
"Prentiss","11-December-2013 09:00","10.020","261.300","11.310","273.500"
"Prentiss","11-December-2013 10:00","10.480","237.200","11.970","250.000"
"Prentiss","11-December-2013 11:00","13.040","241.200","12.740","238.300"
"Prentiss","11-December-2013 12:00","12.040","243.000","12.020","236.300"
"Prentiss","11-December-2013 13:00","13.290","272.300","11.670","271.900"
"Prentiss","11-December-2013 14:00","15.020","221.900","14.970","231.500"
"Prentiss","11-December-2013 15:00","11.200","240.500","13.030","226.000"
"Prentiss","11-December-2013 16:00","2.487","170.100","6.273","206.300"
"Prentiss","11-December-2013 17:00","7.140","77.900","6.066","69.980"
"Prentiss","11-December-2013 18:00","10.450","110.800","8.590","102.300"
"Prentiss","11-December-2013 19:00","11.980","97.200","11.070","97.800"
"Prentiss","11-December-2013 20:00","10.970","73.900","11.770","96.400"
"Prentiss","11-December-2013 21:00","9.890","100.700","12.070","82.400"
"Prentiss","11-December-2013 22:00","15.510","118.600","12.500","119.400"
"Prentiss","11-December-2013 23:00","10.940","121.700","12.480","110.000"
"Prentiss","12-December-2013 00:00","10.090","95.900","10.050","102.800"
"Prentiss","12-December-2013 01:00","10.510","49.630","10.490","69.280"
"Prentiss","12-December-2013 02:00","14.130","40.060","12.160","42.220"
"Prentiss","12-December-2013 03:00","8.900","42.350","10.600","43.160"
"Prentiss","12-December-2013 04:00","7.370","49.800","8.370","55.640"
"Prentiss","12-December-2013 05:00","7.270","30.150","6.751","32.710"
"Prentiss","12-December-2013 06:00","6.437","38.720","7.140","46.520"
"Prentiss","12-December-2013 07:00","3.029","51.740","5.126","48.260"
"Prentiss","12-December-2013 08:00","4.321","41.680","3.551","40.460"
"Prentiss","12-December-2013 09:00","8.210","71.000","5.208","63.980"
"Prentiss","12-December-2013 10:00","9.370","","7.320",""
"Prentiss","12-December-2013 11:00","10.520","102.500","9.430","92.700"
"Prentiss","12-December-2013 12:00","9.910","93.300","11.400","82.600"
"Prentiss","12-December-2013 13:00","12.020","88.100","10.420","89.800"
"Prentiss","12-December-2013 14:00","11.920","99.800","12.240","96.100"
"Prentiss","12-December-2013 15:00","13.030","105.700","12.530","98.800"
"Prentiss","12-December-2013 16:00","13.130","103.000","12.990","103.900"
"Prentiss","12-December-2013 17:00","12.550","94.300","12.370","98.000"
"Prentiss","12-December-2013 18:00","10.810","92.800","11.740","94.800"
"Prentiss","12-December-2013 19:00","11.950","100.800","11.850","100.700"
"Prentiss","12-December-2013 20:00","12.890","108.400","12.290","107.400"
"Prentiss","12-December-2013 21:00","14.320","117.500","14.080","114.700"
"Prentiss","12-December-2013 22:00","12.370","117.200","13.450","117.200"
"Prentiss","12-December-2013 23:00","12.110","122.500","11.860","122.700"
"Prentiss","13-December-2013 00:00","11.130","120.300","10.720","122.800"
"Prentiss","13-December-2013 01:00","12.180","120.900","11.070","123.600"
"Prentiss","13-December-2013 02:00","13.240","133.900","12.020","126.800"
"Prentiss","13-December-2013 03:00","12.670","138.000","12.490","134.400"
"Prentiss","13-December-2013 04:00","13.150","150.800","12.640","146.700"
"Prentiss","13-December-2013 05:00","10.220","155.300","11.830","151.200"
"Prentiss","13-December-2013 06:00","4.240","164.000","7.100","162.100"
"Prentiss","13-December-2013 07:00","9.220","160.800","8.150","156.800"
"Prentiss","13-December-2013 08:00","7.170","157.200","8.760","151.400"
"Prentiss","13-December-2013 09:00","11.480","167.700","8.390","168.300"
"Prentiss","13-December-2013 10:00","10.890","181.300","12.430","170.000"
"Prentiss","13-December-2013 11:00","4.618","264.900","8.440","216.300"
"Prentiss","13-December-2013 12:00","12.570","342.600","9.520","327.800"
"Prentiss","13-December-2013 13:00","10.320","335.600","9.730","333.000"
"Prentiss","13-December-2013 14:00","13.740","332.700","11.640","333.400"
"Prentiss","13-December-2013 15:00","15.200","342.400","17.130","335.300"
"Prentiss","13-December-2013 16:00","13.570","342.500","15.090","345.000"
"Prentiss","13-December-2013 17:00","10.090","345.000","11.250","340.700"
"Prentiss","13-December-2013 18:00","12.970","336.900","10.540","333.300"
"Prentiss","13-December-2013 19:00","9.070","321.800","9.200","326.700"
"Prentiss","13-December-2013 20:00","5.356","338.500","6.767","334.500"
"Prentiss","13-December-2013 21:00","0.071","279.100","1.643","334.800"
"Prentiss","13-December-2013 22:00","1.721","130.200","1.196","92.100"
"Prentiss","13-December-2013 23:00","8.420","149.700","6.521","144.200"
"Prentiss","14-December-2013 00:00","15.290","181.600","9.470","152.900"
"Prentiss","14-December-2013 01:00","9.180","137.300","8.730","160.700"
"Prentiss","14-December-2013 02:00","9.170","171.700","9.410","155.400"
"Prentiss","14-December-2013 03:00","11.800","128.400","9.520","148.700"
"Prentiss","14-December-2013 04:00","8.930","151.100","12.430","143.000"
"Prentiss","14-December-2013 05:00","13.870","143.300","11.980","145.100"
"Prentiss","14-December-2013 06:00","7.200","201.800","9.540","169.700"
"Prentiss","14-December-2013 07:00","17.380","243.600","13.020","240.900"
"Prentiss","14-December-2013 08:00","21.650","233.000","18.690","230.300"
"Prentiss","14-December-2013 09:00","20.210","234.000","19.420","241.800"
"Prentiss","14-December-2013 10:00","18.550","244.300","19.680","240.600"
"Prentiss","14-December-2013 11:00","18.400","243.300","17.200","241.200"
"Prentiss","14-December-2013 12:00","2.848","90.900","9.700","231.000"
"Prentiss","14-December-2013 13:00","13.940","214.200","7.420","191.800"
"Prentiss","14-December-2013 14:00","15.360","252.700","12.930","242.500"
"Prentiss","14-December-2013 15:00","15.250","258.000","16.070","252.900"
"Prentiss","14-December-2013 16:00","12.730","253.100","14.950","253.000"
"Prentiss","14-December-2013 17:00","10.080","251.700","10.640","260.800"
"Prentiss","14-December-2013 18:00","13.050","241.900","12.450","239.800"
"Prentiss","14-December-2013 19:00","14.070","235.600","12.470","240.200"
"Prentiss","14-December-2013 20:00","19.540","258.700","15.540","244.900"
"Prentiss","14-December-2013 21:00","14.170","276.400","14.760","287.500"
"Prentiss","14-December-2013 22:00","15.750","218.900","12.770","246.000"
"Prentiss","14-December-2013 23:00","16.510","254.000","14.660","239.900"
"Prentiss","15-December-2013 00:00","23.460","247.700","21.260","245.500"
"Prentiss","15-December-2013 01:00","22.410","232.200","22.620","244.300"
"Prentiss","15-December-2013 02:00","27.360","234.000","25.270","230.000"
"Prentiss","15-December-2013 03:00","25.150","236.700","25.710","236.400"
"Prentiss","15-December-2013 04:00","26.810","","26.160",""
"Prentiss","15-December-2013 05:00","28.480","227.800","26.620","233.500"
"Prentiss","15-December-2013 06:00","27.320","227.300","27.500","227.000"
"Prentiss","15-December-2013 07:00","31.740","230.200","28.490","228.000"
"Prentiss","15-December-2013 08:00","24.920","237.200","26.810","235.700"
"Prentiss","15-December-2013 09:00","23.100","237.500","23.640","233.800"
"Prentiss","15-December-2013 10:00","14.900","251.300","19.200","244.800"
"Prentiss","15-December-2013 11:00","13.720","245.500","13.520","247.800"
"Prentiss","15-December-2013 12:00","12.490","240.900","13.300","243.000"
"Prentiss","15-December-2013 13:00","11.550","297.800","10.760","268.500"
"Prentiss","15-December-2013 14:00","19.050","335.100","15.080","329.900"
"Prentiss","15-December-2013 15:00","25.710","325.300","26.690","330.900"
"Prentiss","15-December-2013 16:00","21.920","317.200","22.760","313.100"
"Prentiss","15-December-2013 17:00","15.770","313.300","23.360","317.500"
"Prentiss","15-December-2013 18:00","11.860","302.200","15.960","314.600"
"Prentiss","15-December-2013 19:00","10.400","293.500","11.210","307.200"
"Prentiss","15-December-2013 20:00","12.460","270.200","12.750","276.300"
"Prentiss","15-December-2013 21:00","12.810","279.100","12.460","283.800"
"Prentiss","15-December-2013 22:00","13.200","271.700","14.980","264.700"
"Prentiss","15-December-2013 23:00","18.290","224.400","17.150","237.100"
"Prentiss","16-December-2013 00:00","19.250","254.800","18.130","252.100"
"Prentiss","16-December-2013 01:00","15.610","274.100","16.340","258.900"
"Prentiss","16-December-2013 02:00","24.280","233.800","18.970","239.800"
"Prentiss","16-December-2013 03:00","18.990","253.100","24.330","237.600"
"Prentiss","16-December-2013 04:00","16.820","263.900","20.950","254.100"
"Prentiss","16-December-2013 05:00","11.760","235.900","13.410","252.100"
"Prentiss","16-December-2013 06:00","11.340","264.200","12.920","242.100"
"Prentiss","16-December-2013 07:00","9.800","298.000","12.510","295.200"
"Prentiss","16-December-2013 08:00","37.760","329.100","24.160","329.400"
"Prentiss","16-December-2013 09:00","19.080","311.700","26.600","320.700"
"Prentiss","16-December-2013 10:00","25.880","318.700","23.020","320.900"
"Prentiss","16-December-2013 11:00","39.520","313.900","34.410","313.500"
"Prentiss","16-December-2013 12:00","50.400","325.900","43.410","322.800"
"Prentiss","16-December-2013 13:00","51.850","336.600","46.980","330.200"
"Prentiss","16-December-2013 14:00","39.300","335.700","39.330","335.300"
"Prentiss","16-December-2013 15:00","30.370","322.800","33.370","323.700"
"Prentiss","16-December-2013 16:00","20.030","311.200","26.780","317.900"
"Prentiss","16-December-2013 17:00","11.390","290.900","13.400","297.900"
"Prentiss","16-December-2013 18:00","10.320","256.100","9.290","265.800"
"Prentiss","16-December-2013 19:00","12.090","248.600","13.360","253.200"
"Prentiss","16-December-2013 20:00","16.720","237.900","13.680","242.900"
"Prentiss","16-December-2013 21:00","16.840","234.000","14.970","243.300"
"Prentiss","16-December-2013 22:00","17.600","217.500","18.320","219.200"
"Prentiss","16-December-2013 23:00","17.250","208.800","17.570","216.400"
"Prentiss","17-December-2013 00:00","20.740","205.100","20.520","209.300"
"Prentiss","17-December-2013 01:00","20.660","186.600","19.570","196.200"
"Prentiss","17-December-2013 02:00","30.640","191.100","27.310","191.000"
"Prentiss","17-December-2013 03:00","23.330","170.700","23.860","177.000"
"Prentiss","17-December-2013 04:00","26.890","171.700","23.430","168.400"
"Prentiss","17-December-2013 05:00","32.860","190.000","35.950","185.500"
"Prentiss","17-December-2013 06:00","20.810","178.900","26.650","184.900"
"Prentiss","17-December-2013 07:00","8.070","150.200","13.770","167.900"
"Prentiss","17-December-2013 08:00","6.538","181.900","6.794","143.100"
"Prentiss","17-December-2013 09:00","26.840","215.200","21.520","212.500"
"Prentiss","17-December-2013 10:00","33.590","229.300","30.310","224.000"
"Prentiss","17-December-2013 11:00","33.930","230.500","35.010","231.500"
"Prentiss","17-December-2013 12:00","29.820","232.000","31.340","228.200"
"Prentiss","17-December-2013 13:00","21.270","236.700","23.830","238.500"
"Prentiss","17-December-2013 14:00","20.460","230.500","20.770","230.800"
"Prentiss","17-December-2013 15:00","22.290","233.600","22.970","233.300"
"Prentiss","17-December-2013 16:00","18.750","230.600","20.430","230.700"
"Prentiss","17-December-2013 17:00","19.200","231.900","17.260","232.000"
"Prentiss","17-December-2013 18:00","15.250","263.200","18.560","250.100"
"Prentiss","17-December-2013 19:00","11.820","241.700","12.300","254.800"
"Prentiss","17-December-2013 20:00","9.330","251.400","10.950","247.000"
"Prentiss","17-December-2013 21:00","8.560","294.500","7.280","283.000"
"Prentiss","17-December-2013 22:00","18.350","","13.410",""
"Prentiss","17-December-2013 23:00","28.140","358.800","19.540","331.900"
"Prentiss","18-December-2013 00:00","29.010","338.200","34.020","340.000"
"Prentiss","18-December-2013 01:00","26.550","336.900","28.260","333.300"
"Prentiss","18-December-2013 02:00","28.120","22.940","27.810","350.700"
"Prentiss","18-December-2013 03:00","26.770","2.854","22.310","10.690"
"Prentiss","18-December-2013 04:00","23.610","358.700","25.010","1.472"
"Prentiss","18-December-2013 05:00","29.010","358.200","27.440","358.500"
"Prentiss","18-December-2013 06:00","30.920","353.800","27.710","354.900"
"Prentiss","18-December-2013 07:00","24.870","347.500","28.210","346.900"
"Prentiss","18-December-2013 08:00","25.030","352.500","22.290","355.300"
"Prentiss","18-December-2013 09:00","18.500","353.500","21.280","357.900"
"Prentiss","18-December-2013 10:00","11.210","7.880","14.610","355.400"
"Prentiss","18-December-2013 11:00","13.700","0.551","12.880","359.600"
"Prentiss","18-December-2013 12:00","17.240","15.050","14.530","13.830"
"Prentiss","18-December-2013 13:00","15.120","2.356","14.930","0.789"
"Prentiss","18-December-2013 14:00","13.030","1.373","13.970","359.400"
"Prentiss","18-December-2013 15:00","13.220","349.000","12.590","357.600"
"Prentiss","18-December-2013 16:00","17.810","339.200","16.490","337.600"
"Prentiss","18-December-2013 17:00","18.170","344.500","16.160","346.000"
"Prentiss","18-December-2013 18:00","14.980","351.800","18.040","347.400"
"Prentiss","18-December-2013 19:00","13.420","350.200","13.890","350.600"
"Prentiss","18-December-2013 20:00","12.990","351.400","13.430","351.000"
"Prentiss","18-December-2013 21:00","10.500","","11.830",""
"Prentiss","18-December-2013 22:00","8.020","","10.220",""
"Prentiss","18-December-2013 23:00","5.533","299.600","8.620","320.600"
"Prentiss","19-December-2013 00:00","5.701","308.000","6.975","299.500"
"Prentiss","19-December-2013 01:00","3.241","282.500","6.255","305.100"
"Prentiss","19-December-2013 02:00","9.090","271.200","7.180","264.200"
"Prentiss","19-December-2013 03:00","14.420","234.700","11.830","238.000"
"Prentiss","19-December-2013 04:00","17.930","229.600","16.780","232.300"
"Prentiss","19-December-2013 05:00","21.060","235.600","19.400","234.400"
"Prentiss","19-December-2013 06:00","20.690","223.500","21.020","230.300"
"Prentiss","19-December-2013 07:00","21.720","225.500","22.370","227.700"
"Prentiss","19-December-2013 08:00","19.780","228.900","19.580","227.500"
"Prentiss","19-December-2013 09:00","21.200","222.500","20.540","225.400"
"Prentiss","19-December-2013 10:00","23.530","226.800","20.410","217.700"
"Prentiss","19-December-2013 11:00","29.250","218.700","28.340","220.600"
"Prentiss","19-December-2013 12:00","26.150","213.500","27.540","214.700"
"Prentiss","19-December-2013 13:00","10.130","237.700","17.870","224.900"
"Prentiss","19-December-2013 14:00","17.140","254.800","19.880","246.500"
"Prentiss","19-December-2013 15:00","19.970","237.600","18.700","242.000"
"Prentiss","19-December-2013 16:00","19.860","","18.210",""
"Prentiss","19-December-2013 17:00","19.750","","17.710",""
"Prentiss","19-December-2013 18:00","19.640","229.300","17.220","233.100"
"Prentiss","19-December-2013 19:00","13.860","252.200","16.410","239.500"
"Prentiss","19-December-2013 20:00","14.820","258.100","15.450","257.800"
"Prentiss","19-December-2013 21:00","14.860","269.300","15.430","277.500"
"Prentiss","19-December-2013 22:00","3.980","","15.430",""
"Prentiss","19-December-2013 23:00","3.050","","15.430",""
"Prentiss","20-December-2013 00:00","1.710","","",""
"Prentiss","20-December-2013 01:00","4.400","","",""
"Prentiss","20-December-2013 02:00","2.080","","",""
"Prentiss","20-December-2013 03:00","1.790","","",""
"Prentiss","20-December-2013 04:00","4.970","","",""
"Prentiss","20-December-2013 05:00","2.770","","",""
"Prentiss","20-December-2013 06:00","3.730","","",""
"Prentiss","20-December-2013 07:00","2.110","","",""
"Prentiss","20-December-2013 08:00","2.630","","",""
"Prentiss","20-December-2013 09:00","1.100","","",""
"Prentiss","20-December-2013 10:00","0.760","","",""
"Prentiss","20-December-2013 11:00","6.000","","",""
"Prentiss","20-December-2013 12:00","5.070","","",""
"Prentiss","20-December-2013 13:00","4.400","","",""
"Prentiss","20-December-2013 14:00","0.640","","",""
"Prentiss","20-December-2013 15:00","14.000","","",""
"Prentiss","20-December-2013 16:00","14.090","","",""
"Prentiss","20-December-2013 17:00","11.630","","",""
"Prentiss","20-December-2013 18:00","10.490","","",""
"Prentiss","20-December-2013 19:00","10.280","","",""
"Prentiss","20-December-2013 20:00","8.700","","",""
"Prentiss","20-December-2013 21:00","6.880","","",""
"Prentiss","20-December-2013 22:00","7.960","","",""
"Prentiss","20-December-2013 23:00","5.590","","",""
"Prentiss","21-December-2013 00:00","3.500","","",""
"Prentiss","21-December-2013 01:00","3.500","","",""
"Prentiss","21-December-2013 02:00","3.990","","",""
"Prentiss","21-December-2013 03:00","6.250","","",""
"Prentiss","21-December-2013 04:00","4.470","","",""
"Prentiss","21-December-2013 05:00","7.140","","",""
"Prentiss","21-December-2013 06:00","7.040","","",""
"Prentiss","21-December-2013 07:00","6.060","","",""
"Prentiss","21-December-2013 08:00","4.850","","",""
"Prentiss","21-December-2013 09:00","2.880","","",""
"Prentiss","21-December-2013 10:00","4.300","","",""
"Prentiss","21-December-2013 11:00","4.170","","",""
"Prentiss","21-December-2013 12:00","8.280","","",""
"Prentiss","21-December-2013 13:00","5.870","","",""
"Prentiss","21-December-2013 14:00","4.870","","",""
"Prentiss","21-December-2013 15:00","2.450","","",""
"Prentiss","21-December-2013 16:00","2.980","","",""
"Prentiss","21-December-2013 17:00","3.460","","",""
"Prentiss","21-December-2013 18:00","3.580","","",""
"Prentiss","21-December-2013 19:00","5.160","","",""
"Prentiss","21-December-2013 20:00","1.990","","",""
"Prentiss","21-December-2013 21:00","2.980","","",""
"Prentiss","21-December-2013 22:00","3.370","","",""
"Prentiss","21-December-2013 23:00","1.130","","",""
"Prentiss","22-December-2013 00:00","3.390","","",""
"Prentiss","22-December-2013 01:00","5.240","","",""
"Prentiss","22-December-2013 02:00","6.320","","",""
"Prentiss","22-December-2013 03:00","5.920","","",""
"Prentiss","22-December-2013 04:00","3.700","","",""
"Prentiss","22-December-2013 05:00","3.870","","",""
"Prentiss","22-December-2013 06:00","3.810","","",""
"Prentiss","22-December-2013 07:00","0.710","","",""
"Prentiss","22-December-2013 08:00","4.870","","",""
"Prentiss","22-December-2013 09:00","1.980","","",""
"Prentiss","22-December-2013 10:00","3.730","","",""
"Prentiss","22-December-2013 11:00","1.100","","",""
"Prentiss","22-December-2013 12:00","5.020","","",""
"Prentiss","22-December-2013 13:00","3.700","","",""
"Prentiss","22-December-2013 14:00","8.840","","",""
"Prentiss","22-December-2013 15:00","13.890","","",""
"Prentiss","22-December-2013 16:00","9.080","","",""
"Prentiss","22-December-2013 17:00","10.040","","",""
"Prentiss","22-December-2013 18:00","12.320","","",""
"Prentiss","22-December-2013 19:00","22.370","","",""
"Prentiss","22-December-2013 20:00","21.450","","",""
"Prentiss","22-December-2013 21:00","23.150","","",""
"Prentiss","22-December-2013 22:00","24.760","","",""
"Prentiss","22-December-2013 23:00","19.560","","",""
"Prentiss","23-December-2013 00:00","22.300","","",""
"Prentiss","23-December-2013 01:00","25.340","","",""
"Prentiss","23-December-2013 02:00","22.450","","",""
"Prentiss","23-December-2013 03:00","20.720","","",""
"Prentiss","23-December-2013 04:00","15.840","","",""
"Prentiss","23-December-2013 05:00","12.960","","",""
"Prentiss","23-December-2013 06:00","11.910","","",""
"Prentiss","23-December-2013 07:00","6.180","","",""
"Prentiss","23-December-2013 08:00","11.160","","",""
"Prentiss","23-December-2013 09:00","8.880","","",""
"Prentiss","23-December-2013 10:00","12.650","","",""
"Prentiss","23-December-2013 11:00","8.360","","",""
"Prentiss","23-December-2013 12:00","8.270","","",""
"Prentiss","23-December-2013 13:00","1.780","","",""
"Prentiss","23-December-2013 14:00","5.590","","",""
"Prentiss","23-December-2013 15:00","6.500","","",""
"Prentiss","23-December-2013 16:00","9.330","","",""
"Prentiss","23-December-2013 17:00","12.150","","",""
"Prentiss","23-December-2013 18:00","3.860","","",""
"Prentiss","23-December-2013 19:00","4.850","","",""
"Prentiss","23-December-2013 20:00","6.300","","",""
"Prentiss","23-December-2013 21:00","12.390","","",""
"Prentiss","23-December-2013 22:00","3.520","","",""
"Prentiss","23-December-2013 23:00","15.040","","",""
"Prentiss","24-December-2013 00:00","8.970","","",""
"Prentiss","24-December-2013 01:00","7.000","","",""
"Prentiss","24-December-2013 02:00","15.370","","",""
"Prentiss","24-December-2013 03:00","4.780","","",""
"Prentiss","24-December-2013 04:00","6.570","","",""
"Prentiss","24-December-2013 05:00","7.080","","",""
"Prentiss","24-December-2013 06:00","5.040","","",""
"Prentiss","24-December-2013 07:00","2.280","","",""
"Prentiss","24-December-2013 08:00","7.580","","",""
"Prentiss","24-December-2013 09:00","4.750","","",""
"Prentiss","24-December-2013 10:00","1.790","","",""
"Prentiss","24-December-2013 11:00","4.160","","",""
"Prentiss","24-December-2013 12:00","3.160","","",""
"Prentiss","24-December-2013 13:00","20.870","","",""
"Prentiss","24-December-2013 14:00","22.840","","",""
"Prentiss","24-December-2013 15:00","21.300","","",""
"Prentiss","24-December-2013 16:00","18.870","","",""
"Prentiss","24-December-2013 17:00","14.850","","",""
"Prentiss","24-December-2013 18:00","14.190","","",""
"Prentiss","24-December-2013 19:00","9.200","","",""
"Prentiss","24-December-2013 20:00","9.680","","",""
"Prentiss","24-December-2013 21:00","10.470","","",""
"Prentiss","24-December-2013 22:00","11.240","","",""
"Prentiss","24-December-2013 23:00","10.620","","",""
"Prentiss","25-December-2013 00:00","5.100","","",""
"Prentiss","25-December-2013 01:00","6.760","","",""
"Prentiss","25-December-2013 02:00","7.170","","",""
"Prentiss","25-December-2013 03:00","4.570","","",""
"Prentiss","25-December-2013 04:00","4.510","","",""
"Prentiss","25-December-2013 05:00","7.420","","",""
"Prentiss","25-December-2013 06:00","1.630","","",""
"Prentiss","25-December-2013 07:00","5.100","","",""
"Prentiss","25-December-2013 08:00","9.120","","",""
"Prentiss","25-December-2013 09:00","6.440","","",""
"Prentiss","25-December-2013 10:00","12.200","","",""
"Prentiss","25-December-2013 11:00","11.900","","",""
"Prentiss","25-December-2013 12:00","15.060","","",""
"Prentiss","25-December-2013 13:00","9.280","","",""
"Prentiss","25-December-2013 14:00","12.860","","",""
"Prentiss","25-December-2013 15:00","10.630","","",""
"Prentiss","25-December-2013 16:00","5.750","","",""
"Prentiss","25-December-2013 17:00","4.720","","",""
"Prentiss","25-December-2013 18:00","5.860","","",""
"Prentiss","25-December-2013 19:00","4.650","","",""
"Prentiss","25-December-2013 20:00","8.480","","",""
"Prentiss","25-December-2013 21:00","8.360","","",""
"Prentiss","25-December-2013 22:00","6.220","","",""
"Prentiss","25-December-2013 23:00","8.890","","",""
"Prentiss","26-December-2013 00:00","6.730","","",""
"Prentiss","26-December-2013 01:00","9.170","","",""
"Prentiss","26-December-2013 02:00","6.900","","",""
"Prentiss","26-December-2013 03:00","6.660","","",""
"Prentiss","26-December-2013 04:00","6.480","","",""
"Prentiss","26-December-2013 05:00","7.280","","",""
"Prentiss","26-December-2013 06:00","5.570","","",""
"Prentiss","26-December-2013 07:00","6.490","","",""
"Prentiss","26-December-2013 08:00","6.550","","",""
"Prentiss","26-December-2013 09:00","4.920","","",""
"Prentiss","26-December-2013 10:00","7.810","","",""
"Prentiss","26-December-2013 11:00","7.820","","",""
"Prentiss","26-December-2013 12:00","5.680","","",""
"Prentiss","26-December-2013 13:00","6.610","","",""
"Prentiss","26-December-2013 14:00","3.770","","",""
"Prentiss","26-December-2013 15:00","2.150","","",""
"Prentiss","26-December-2013 16:00","5.350","","",""
"Prentiss","26-December-2013 17:00","6.140","","",""
"Prentiss","26-December-2013 18:00","5.250","","",""
"Prentiss","26-December-2013 19:00","6.290","","",""
"Prentiss","26-December-2013 20:00","6.250","","",""
"Prentiss","26-December-2013 21:00","3.830","","",""
"Prentiss","26-December-2013 22:00","4.820","","",""
"Prentiss","26-December-2013 23:00","2.240","","",""
"Prentiss","27-December-2013 00:00","4.380","","",""
"Prentiss","27-December-2013 01:00","6.590","","",""
"Prentiss","27-December-2013 02:00","2.270","","",""
"Prentiss","27-December-2013 03:00","3.410","","",""
"Prentiss","27-December-2013 04:00","0.710","","",""
"Prentiss","27-December-2013 05:00","4.990","","",""
"Prentiss","27-December-2013 06:00","7.120","","",""
"Prentiss","27-December-2013 07:00","5.330","","",""
"Prentiss","27-December-2013 08:00","13.210","","",""
"Prentiss","27-December-2013 09:00","10.010","","",""
"Prentiss","27-December-2013 10:00","9.600","","",""
"Prentiss","27-December-2013 11:00","7.270","","",""
"Prentiss","27-December-2013 12:00","7.220","","",""
"Prentiss","27-December-2013 13:00","5.040","","",""
"Prentiss","27-December-2013 14:00","13.000","","",""
"Prentiss","27-December-2013 15:00","16.570","","",""
"Prentiss","27-December-2013 16:00","18.840","","",""
"Prentiss","27-December-2013 17:00","26.650","","",""
"Prentiss","27-December-2013 18:00","35.080","","",""
"Prentiss","27-December-2013 19:00","32.910","","",""
"Prentiss","27-December-2013 20:00","36.560","","",""
"Prentiss","27-December-2013 21:00","35.760","","",""
"Prentiss","27-December-2013 22:00","29.840","","",""
"Prentiss","27-December-2013 23:00","27.260","","",""
"Prentiss","28-December-2013 00:00","29.130","","",""
"Prentiss","28-December-2013 01:00","21.500","","",""
"Prentiss","28-December-2013 02:00","11.070","","",""
"Prentiss","28-December-2013 03:00","7.320","","",""
"Prentiss","28-December-2013 04:00","5.510","","",""
"Prentiss","28-December-2013 05:00","6.010","","",""
"Prentiss","28-December-2013 06:00","4.220","","",""
"Prentiss","28-December-2013 07:00","2.790","","",""
"Prentiss","28-December-2013 08:00","0.650","","",""
"Prentiss","28-December-2013 09:00","0.880","","",""
"Prentiss","28-December-2013 10:00","1.850","","",""
"Prentiss","28-December-2013 11:00","4.250","","",""
"Prentiss","28-December-2013 12:00","3.280","","",""
"Prentiss","28-December-2013 13:00","5.590","","",""
"Prentiss","28-December-2013 14:00","6.160","","",""
"Prentiss","28-December-2013 15:00","5.530","","",""
"Prentiss","28-December-2013 16:00","5.530","","",""
"Prentiss","28-December-2013 17:00","3.170","","",""
"Prentiss","28-December-2013 18:00","3.220","","",""
"Prentiss","28-December-2013 19:00","7.240","","",""
"Prentiss","28-December-2013 20:00","5.740","","",""
"Prentiss","28-December-2013 21:00","7.070","","",""
"Prentiss","28-December-2013 22:00","5.980","","",""
"Prentiss","28-December-2013 23:00","7.690","","",""
"Prentiss","29-December-2013 00:00","8.500","","",""
"Prentiss","29-December-2013 01:00","8.340","","",""
"Prentiss","29-December-2013 02:00","9.970","","",""
"Prentiss","29-December-2013 03:00","13.130","","",""
"Prentiss","29-December-2013 04:00","6.160","","",""
"Prentiss","29-December-2013 05:00","8.480","","",""
"Prentiss","29-December-2013 06:00","5.270","","",""
"Prentiss","29-December-2013 07:00","6.000","","",""
"Prentiss","29-December-2013 08:00","2.550","","",""
"Prentiss","29-December-2013 09:00","4.130","","",""
"Prentiss","29-December-2013 10:00","8.040","","",""
"Prentiss","29-December-2013 11:00","9.910","","",""
"Prentiss","29-December-2013 12:00","12.180","","",""
"Prentiss","29-December-2013 13:00","9.060","","",""
"Prentiss","29-December-2013 14:00","6.400","","",""
"Prentiss","29-December-2013 15:00","7.150","","",""
"Prentiss","29-December-2013 16:00","20.460","","",""
"Prentiss","29-December-2013 17:00","18.610","","",""
"Prentiss","29-December-2013 18:00","13.300","","",""
"Prentiss","29-December-2013 19:00","16.670","","",""
"Prentiss","29-December-2013 20:00","14.560","","",""
"Prentiss","29-December-2013 21:00","18.240","","",""
"Prentiss","29-December-2013 22:00","22.890","","",""
"Prentiss","29-December-2013 23:00","9.210","","",""
"Prentiss","30-December-2013 00:00","8.000","","",""
"Prentiss","30-December-2013 01:00","2.170","","",""
"Prentiss","30-December-2013 02:00","1.230","","",""
"Prentiss","30-December-2013 03:00","4.400","","",""
"Prentiss","30-December-2013 04:00","1.450","","",""
"Prentiss","30-December-2013 05:00","2.930","","",""
"Prentiss","30-December-2013 06:00","3.620","","",""
"Prentiss","30-December-2013 07:00","5.820","","",""
"Prentiss","30-December-2013 08:00","2.210","","",""
"Prentiss","30-December-2013 09:00","5.780","","",""
"Prentiss","30-December-2013 10:00","6.460","","",""
"Prentiss","30-December-2013 11:00","7.160","","",""
"Prentiss","30-December-2013 12:00","6.800","","",""
"Prentiss","30-December-2013 13:00","9.330","","",""
"Prentiss","30-December-2013 14:00","10.610","","",""
"Prentiss","30-December-2013 15:00","11.260","","",""
"Prentiss","30-December-2013 16:00","12.140","","",""
"Prentiss","30-December-2013 17:00","13.830","","",""
"Prentiss","30-December-2013 18:00","13.720","","",""
"Prentiss","30-December-2013 19:00","11.530","","",""
"Prentiss","30-December-2013 20:00","11.450","","",""
"Prentiss","30-December-2013 21:00","10.020","","",""
"Prentiss","30-December-2013 22:00","10.690","","",""
"Prentiss","30-December-2013 23:00","12.370","","",""
"Prentiss","31-December-2013 00:00","13.450","","",""
"Prentiss","31-December-2013 01:00","12.120","","",""
"Prentiss","31-December-2013 02:00","18.200","","",""
"Prentiss","31-December-2013 03:00","16.720","","",""
"Prentiss","31-December-2013 04:00","13.820","","",""
"Prentiss","31-December-2013 05:00","7.570","","",""
"Prentiss","31-December-2013 06:00","12.440","","",""
"Prentiss","31-December-2013 07:00","11.690","","",""
"Prentiss","31-December-2013 08:00","9.910","","",""
"Prentiss","31-December-2013 09:00","12.530","","",""
"Prentiss","31-December-2013 10:00","10.330","","",""
"Prentiss","31-December-2013 11:00","10.360","","",""
"Prentiss","31-December-2013 12:00","6.420","","",""
"Prentiss","31-December-2013 13:00","11.220","","",""
"Prentiss","31-December-2013 14:00","10.970","","",""
"Prentiss","31-December-2013 15:00","8.780","","",""
"Prentiss","31-December-2013 16:00","7.360","","",""
"Prentiss","31-December-2013 17:00","5.890","","",""
"Prentiss","31-December-2013 18:00","2.960","","",""
"Prentiss","31-December-2013 19:00","3.020","","",""
"Prentiss","31-December-2013 20:00","0.880","","",""
"Prentiss","31-December-2013 21:00","1.720","","",""
"Prentiss","31-December-2013 22:00","1.960","","",""
"Prentiss","31-December-2013 23:00","0.770","","",""
"Prentiss","01-January-2014 00:00","4.420","","",""
"Prentiss","01-January-2014 01:00","1.280","","",""
"Prentiss","01-January-2014 02:00","3.160","","",""
"Prentiss","01-January-2014 03:00","3.750","","",""
"Prentiss","01-January-2014 04:00","4.440","","",""
"Prentiss","01-January-2014 05:00","4.340","","",""
"Prentiss","01-January-2014 06:00","1.950","","",""
"Prentiss","01-January-2014 07:00","2.340","","",""
"Prentiss","01-January-2014 08:00","2.060","","",""
"Prentiss","01-January-2014 09:00","0.860","","",""
"Prentiss","01-January-2014 10:00","2.230","","",""
"Prentiss","01-January-2014 11:00","5.000","","",""
"Prentiss","01-January-2014 12:00","4.500","","",""
"Prentiss","01-January-2014 13:00","1.000","","",""
"Prentiss","01-January-2014 14:00","5.020","","",""
"Prentiss","01-January-2014 15:00","1.250","","",""
"Prentiss","01-January-2014 16:00","4.470","","",""
"Prentiss","01-January-2014 17:00","2.830","","",""
"Prentiss","01-January-2014 18:00","3.600","","",""
"Prentiss","01-January-2014 19:00","2.550","","",""
"Prentiss","01-January-2014 20:00","7.250","","",""
"Prentiss","01-January-2014 21:00","7.950","","",""
"Prentiss","01-January-2014 22:00","9.870","","",""
"Prentiss","01-January-2014 23:00","9.080","","",""
"Prentiss","02-January-2014 00:00","14.060","","",""
"Prentiss","02-January-2014 01:00","13.830","","",""
"Prentiss","02-January-2014 02:00","11.990","","",""
"Prentiss","02-January-2014 03:00","8.840","","",""
"Prentiss","02-January-2014 04:00","7.380","","",""
"Prentiss","02-January-2014 05:00","8.390","","",""
"Prentiss","02-January-2014 06:00","6.090","","",""
"Prentiss","02-January-2014 07:00","7.980","","",""
"Prentiss","02-January-2014 08:00","7.530","","",""
"Prentiss","02-January-2014 09:00","2.020","","",""
"Prentiss","02-January-2014 10:00","7.950","","",""
"Prentiss","02-January-2014 11:00","2.440","","",""
"Prentiss","02-January-2014 12:00","2.860","","",""
"Prentiss","02-January-2014 13:00","0.910","","",""
"Prentiss","02-January-2014 14:00","1.880","","",""
"Prentiss","02-January-2014 15:00","2.210","","",""
"Prentiss","02-January-2014 16:00","0.570","","",""
"Prentiss","02-January-2014 17:00","5.970","","",""
"Prentiss","02-January-2014 18:00","6.370","","",""
"Prentiss","02-January-2014 19:00","5.430","","",""
"Prentiss","02-January-2014 20:00","13.150","","",""
"Prentiss","02-January-2014 21:00","2.460","","",""
"Prentiss","02-January-2014 22:00","8.380","","",""
"Prentiss","02-January-2014 23:00","7.370","","",""
"Prentiss","03-January-2014 00:00","3.690","","",""
"Prentiss","03-January-2014 01:00","6.760","","",""
"Prentiss","03-January-2014 02:00","10.090","","",""
"Prentiss","03-January-2014 03:00","14.090","","",""
"Prentiss","03-January-2014 04:00","18.130","","",""
"Prentiss","03-January-2014 05:00","22.000","","",""
"Prentiss","03-January-2014 06:00","16.260","","",""
"Prentiss","03-January-2014 07:00","11.860","","",""
"Prentiss","03-January-2014 08:00","30.110","","",""
"Prentiss","03-January-2014 09:00","28.190","","",""
"Prentiss","03-January-2014 10:00","18.540","","",""
"Prentiss","03-January-2014 11:00","14.520","","",""
"Prentiss","03-January-2014 12:00","21.580","","",""
"Prentiss","03-January-2014 13:00","20.130","","",""
"Prentiss","03-January-2014 14:00","15.520","","",""
"Prentiss","03-January-2014 15:00","14.190","","",""
"Prentiss","03-January-2014 16:00","15.960","","",""
"Prentiss","03-January-2014 17:00","15.110","","",""
"Prentiss","03-January-2014 18:00","9.400","","",""
"Prentiss","03-January-2014 19:00","10.710","","",""
"Prentiss","03-January-2014 20:00","12.060","","",""
"Prentiss","03-January-2014 21:00","16.690","","",""
"Prentiss","03-January-2014 22:00","22.980","","",""
"Prentiss","03-January-2014 23:00","13.980","","",""
"Prentiss","04-January-2014 00:00","10.030","","",""
"Prentiss","04-January-2014 01:00","7.800","","",""
"Prentiss","04-January-2014 02:00","9.540","","",""
"Prentiss","04-January-2014 03:00","10.290","","",""
"Prentiss","04-January-2014 04:00","5.650","","",""
"Prentiss","04-January-2014 05:00","4.620","","",""
"Prentiss","04-January-2014 06:00","14.480","","",""
"Prentiss","04-January-2014 07:00","12.560","","",""
"Prentiss","04-January-2014 08:00","15.220","","",""
"Prentiss","04-January-2014 09:00","14.350","","",""
"Prentiss","04-January-2014 10:00","19.740","","",""
"Prentiss","04-January-2014 11:00","17.850","","",""
"Prentiss","04-January-2014 12:00","21.700","","",""
"Prentiss","04-January-2014 13:00","20.300","","",""
"Prentiss","04-January-2014 14:00","16.960","","",""
"Prentiss","04-January-2014 15:00","21.060","","",""
"Prentiss","04-January-2014 16:00","18.760","","",""
"Prentiss","04-January-2014 17:00","18.980","","",""
"Prentiss","04-January-2014 18:00","18.890","","",""
"Prentiss","04-January-2014 19:00","24.890","","",""
"Prentiss","04-January-2014 20:00","29.890","","",""
"Prentiss","04-January-2014 21:00","31.580","","",""
"Prentiss","04-January-2014 22:00","31.240","","",""
"Prentiss","04-January-2014 23:00","29.560","","",""
"Prentiss","05-January-2014 00:00","28.410","","",""
"Prentiss","05-January-2014 01:00","19.700","","",""
"Prentiss","05-January-2014 02:00","12.660","","",""
"Prentiss","05-January-2014 03:00","2.760","","",""
"Prentiss","05-January-2014 04:00","8.810","","",""
"Prentiss","05-January-2014 05:00","1.190","","",""
"Prentiss","05-January-2014 06:00","4.100","","",""
"Prentiss","05-January-2014 07:00","1.870","","",""
"Prentiss","05-January-2014 08:00","2.030","","",""
"Prentiss","05-January-2014 09:00","2.240","","",""
"Prentiss","05-January-2014 10:00","3.420","","",""
"Prentiss","05-January-2014 11:00","1.790","","",""
"Prentiss","05-January-2014 12:00","7.940","","",""
"Prentiss","05-January-2014 13:00","5.360","","",""
"Prentiss","05-January-2014 14:00","7.000","","",""
"Prentiss","05-January-2014 15:00","3.920","","",""
"Prentiss","05-January-2014 16:00","2.520","","",""
"Prentiss","05-January-2014 17:00","3.540","","",""
"Prentiss","05-January-2014 18:00","5.820","","",""
"Prentiss","05-January-2014 19:00","8.370","","",""
"Prentiss","05-January-2014 20:00","6.800","","",""
"Prentiss","05-January-2014 21:00","4.730","","",""
"Prentiss","05-January-2014 22:00","6.540","","",""
"Prentiss","05-January-2014 23:00","8.440","","",""
"Prentiss","06-January-2014 00:00","7.320","","",""
"Prentiss","06-January-2014 01:00","7.870","","",""
"Prentiss","06-January-2014 02:00","8.880","","",""
"Prentiss","06-January-2014 03:00","6.440","","",""
"Prentiss","06-January-2014 04:00","8.380","","",""
"Prentiss","06-January-2014 05:00","10.770","","",""
"Prentiss","06-January-2014 06:00","11.220","","",""
"Prentiss","06-January-2014 07:00","10.320","","",""
"Prentiss","06-January-2014 08:00","9.480","","",""
"Prentiss","06-January-2014 09:00","23.220","243.200","24.530","244.900"
"Prentiss","06-January-2014 10:00","22.380","244.800","22.520","243.500"
"Prentiss","06-January-2014 11:00","19.440","","20.110",""
"Prentiss","06-January-2014 12:00","16.490","","17.690",""
"Prentiss","06-January-2014 13:00","13.550","251.300","15.280","239.100"
"Prentiss","06-January-2014 14:00","15.460","273.300","13.820","259.900"
"Prentiss","06-January-2014 15:00","16.000","290.000","17.070","268.200"
"Prentiss","06-January-2014 16:00","20.920","283.100","20.180","280.600"
"Prentiss","06-January-2014 17:00","29.210","346.100","20.270","320.200"
"Prentiss","06-January-2014 18:00","32.710","339.600","33.490","338.400"
"Prentiss","06-January-2014 19:00","29.800","339.100","30.960","339.600"
"Prentiss","06-January-2014 20:00","23.180","349.000","25.310","348.400"
"Prentiss","06-January-2014 21:00","14.190","318.300","15.530","338.300"
"Prentiss","06-January-2014 22:00","9.930","285.200","10.540","304.100"
"Prentiss","06-January-2014 23:00","10.570","","10.540",""
"Prentiss","07-January-2014 00:00","11.060","257.200","9.710","276.900"
"Prentiss","07-January-2014 01:00","12.460","292.800","14.970","285.100"
"Prentiss","07-January-2014 02:00","14.830","300.600","14.510","304.600"
"Prentiss","07-January-2014 03:00","9.900","30.300","12.300","322.900"
"Prentiss","07-January-2014 04:00","8.080","50.550","7.890","44.520"
"Prentiss","07-January-2014 05:00","9.780","68.210","8.600","63.800"
"Prentiss","07-January-2014 06:00","7.650","89.700","8.060","80.600"
"Prentiss","07-January-2014 07:00","5.377","88.600","6.205","93.400"
"Prentiss","07-January-2014 08:00","10.940","61.250","9.150","67.930"
"Prentiss","07-January-2014 09:00","10.600","89.000","11.120","77.700"
"Prentiss","07-January-2014 10:00","10.130","99.100","11.250","105.100"
"Prentiss","07-January-2014 11:00","11.690","109.500","10.530","107.400"
"Prentiss","07-January-2014 12:00","12.880","","12.880",""
"Prentiss","07-January-2014 13:00","14.070","109.600","15.240","113.600"
"Prentiss","07-January-2014 14:00","14.770","","15.430",""
"Prentiss","07-January-2014 15:00","15.480","","15.610",""
"Prentiss","07-January-2014 16:00","16.180","119.600","15.800","121.200"
"Prentiss","07-January-2014 17:00","14.420","125.400","14.840","122.500"
"Prentiss","07-January-2014 18:00","16.330","123.000","15.150","120.700"
"Prentiss","07-January-2014 19:00","13.600","116.500","14.380","119.300"
"Prentiss","07-January-2014 20:00","16.120","137.700","14.870","129.800"
"Prentiss","07-January-2014 21:00","14.210","130.600","14.690","132.600"
"Prentiss","07-January-2014 22:00","16.020","144.700","16.100","137.800"
"Prentiss","07-January-2014 23:00","15.650","160.400","16.070","157.400"
"Prentiss","08-January-2014 00:00","17.900","153.500","18.460","155.400"
"Prentiss","08-January-2014 01:00","17.090","155.100","17.520","155.800"
"Prentiss","08-January-2014 02:00","13.450","159.100","14.060","157.600"
"Prentiss","08-January-2014 03:00","11.770","171.500","12.950","161.300"
"Prentiss","08-January-2014 04:00","8.990","169.000","9.580","168.400"
"Prentiss","08-January-2014 05:00","8.320","178.100","9.030","160.700"
"Prentiss","08-January-2014 06:00","7.670","223.900","7.080","200.900"
"Prentiss","08-January-2014 07:00","6.420","","6.410",""
"Prentiss","08-January-2014 08:00","5.168","218.900","5.737","232.300"
"Prentiss","08-January-2014 09:00","9.050","243.000","8.700","245.800"
"Prentiss","08-January-2014 10:00","11.620","","11.100",""
"Prentiss","08-January-2014 11:00","14.180","","13.500",""
"Prentiss","08-January-2014 12:00","16.750","254.900","15.900","249.500"
"Prentiss","08-January-2014 13:00","14.020","263.500","15.640","266.000"
"Prentiss","08-January-2014 14:00","14.340","269.100","13.900","268.900"
"Prentiss","08-January-2014 15:00","14.890","255.300","14.000","268.600"
"Prentiss","08-January-2014 16:00","12.330","281.300","13.620","265.100"
"Prentiss","08-January-2014 17:00","13.390","307.900","15.010","281.900"
"Prentiss","08-January-2014 18:00","3.792","291.100","8.320","279.600"
"Prentiss","08-January-2014 19:00","1.900","142.800","2.721","253.200"
"Prentiss","08-January-2014 20:00","5.552","179.400","5.689","186.400"
"Prentiss","08-January-2014 21:00","1.095","42.690","3.758","191.100"
"Prentiss","08-January-2014 22:00","9.820","179.700","6.791","162.100"
"Prentiss","08-January-2014 23:00","1.420","","6.790",""
"Prentiss","09-January-2014 00:00","7.240","260.800","5.887","195.700"
"Prentiss","09-January-2014 01:00","3.485","169.100","10.680","228.100"
"Prentiss","09-January-2014 02:00","2.523","103.700","4.887","168.600"
"Prentiss","09-January-2014 03:00","5.237","173.600","6.047","240.200"
"Prentiss","09-January-2014 04:00","5.521","249.400","4.200","237.000"
"Prentiss","09-January-2014 05:00","6.200","","7.900",""
"Prentiss","09-January-2014 06:00","6.883","223.100","11.600","251.300"
"Prentiss","09-January-2014 07:00","14.480","244.400","15.250","261.900"
"Prentiss","09-January-2014 08:00","15.490","273.100","15.850","264.700"
"Prentiss","09-January-2014 09:00","11.700","272.700","12.810","268.200"
"Prentiss","09-January-2014 10:00","11.340","267.800","12.050","256.500"
"Prentiss","09-January-2014 11:00","10.930","258.700","11.900","269.900"
"Prentiss","09-January-2014 12:00","15.520","279.300","13.970","279.800"
"Prentiss","09-January-2014 13:00","16.430","282.900","17.020","282.100"
"Prentiss","09-January-2014 14:00","16.350","283.800","15.390","282.700"
"Prentiss","09-January-2014 15:00","14.670","319.100","15.640","310.000"
"Prentiss","09-January-2014 16:00","13.980","299.000","12.410","320.000"
"Prentiss","09-January-2014 17:00","15.020","270.400","14.100","279.200"
"Prentiss","09-January-2014 18:00","7.400","277.700","8.390","272.800"
"Prentiss","09-January-2014 19:00","10.790","265.100","9.860","264.400"
"Prentiss","09-January-2014 20:00","11.980","249.100","14.710","237.000"
"Prentiss","09-January-2014 21:00","16.020","214.300","15.370","227.000"
"Prentiss","09-January-2014 22:00","18.910","224.000","19.280","221.500"
"Prentiss","09-January-2014 23:00","21.680","232.600","21.810","229.600"
"Prentiss","10-January-2014 00:00","16.930","222.200","18.360","226.000"
"Prentiss","10-January-2014 01:00","12.070","235.700","14.760","221.400"
"Prentiss","10-January-2014 02:00","13.560","225.400","12.340","237.000"
"Prentiss","10-January-2014 03:00","12.950","248.700","13.010","243.300"
"Prentiss","10-January-2014 04:00","12.390","261.200","13.290","247.900"
"Prentiss","10-January-2014 05:00","14.460","258.800","13.220","256.800"
"Prentiss","10-January-2014 06:00","15.670","273.300","14.120","269.700"
"Prentiss","10-January-2014 07:00","17.480","281.900","16.190","275.400"
"Prentiss","10-January-2014 08:00","14.090","278.400","16.910","282.900"
"Prentiss","10-January-2014 09:00","15.620","280.600","14.510","281.900"
"Prentiss","10-January-2014 10:00","14.080","275.100","15.350","287.400"
"Prentiss","10-January-2014 11:00","12.180","279.800","14.300","282.700"
"Prentiss","10-January-2014 12:00","11.840","287.900","11.840","286.700"
"Prentiss","10-January-2014 13:00","12.130","302.600","11.400","293.900"
"Prentiss","10-January-2014 14:00","17.330","286.300","16.790","300.700"
"Prentiss","10-January-2014 15:00","18.200","279.500","16.090","280.300"
"Prentiss","10-January-2014 16:00","13.360","279.900","14.510","277.600"
"Prentiss","10-January-2014 17:00","15.940","251.700","13.680","270.200"
"Prentiss","10-January-2014 18:00","17.630","254.000","18.570","251.800"
"Prentiss","10-January-2014 19:00","15.550","273.700","15.530","253.600"
"Prentiss","10-January-2014 20:00","13.660","262.400","15.090","267.800"
"Prentiss","10-January-2014 21:00","16.280","238.400","13.580","262.400"
"Prentiss","10-January-2014 22:00","17.440","218.300","15.120","232.900"
"Prentiss","10-January-2014 23:00","15.600","216.100","16.100","216.400"
"Prentiss","11-January-2014 00:00","16.090","204.700","17.030","208.200"
"Prentiss","11-January-2014 01:00","17.400","195.400","17.780","194.400"
"Prentiss","11-January-2014 02:00","19.010","193.200","22.370","194.400"
"Prentiss","11-January-2014 03:00","23.770","175.400","19.840","177.300"
"Prentiss","11-January-2014 04:00","26.570","166.700","26.480","174.800"
"Prentiss","11-January-2014 05:00","31.670","151.300","28.500","152.300"
"Prentiss","11-January-2014 06:00","30.140","144.000","30.530","148.800"
"Prentiss","11-January-2014 07:00","27.970","146.200","29.820","145.600"
"Prentiss","11-January-2014 08:00","20.320","145.500","23.720","143.400"
"Prentiss","11-January-2014 09:00","21.930","139.600","22.780","147.700"
"Prentiss","11-January-2014 10:00","21.200","140.000","18.750","136.700"
"Prentiss","11-January-2014 11:00","22.910","179.600","22.630","163.600"
"Prentiss","11-January-2014 12:00","11.020","180.700","13.960","161.200"
"Prentiss","11-January-2014 13:00","18.680","206.000","19.260","203.000"
"Prentiss","11-January-2014 14:00","21.280","210.200","20.550","209.000"
"Prentiss","11-January-2014 15:00","27.900","327.400","22.900","257.600"
"Prentiss","11-January-2014 16:00","26.250","318.700","30.610","323.900"
"Prentiss","11-January-2014 17:00","30.480","302.000","28.330","307.100"
"Prentiss","11-January-2014 18:00","20.580","244.600","20.460","285.900"
"Prentiss","11-January-2014 19:00","12.530","289.900","16.670","267.200"
"Prentiss","11-January-2014 20:00","15.100","241.100","13.120","273.800"
"Prentiss","11-January-2014 21:00","19.730","232.700","20.900","231.900"
"Prentiss","11-January-2014 22:00","17.720","223.400","15.990","229.600"
"Prentiss","11-January-2014 23:00","4.040","","15.990",""
"Prentiss","12-January-2014 00:00","14.260","230.400","17.260","225.700"
"Prentiss","12-January-2014 01:00","19.640","353.800","16.900","336.300"
"Prentiss","12-January-2014 02:00","18.920","350.700","20.580","353.300"
"Prentiss","12-January-2014 03:00","22.720","347.800","19.790","351.700"
"Prentiss","12-January-2014 04:00","12.960","309.500","15.690","327.200"
"Prentiss","12-January-2014 05:00","26.190","325.300","22.520","323.300"
"Prentiss","12-January-2014 06:00","20.280","313.300","25.630","320.200"
"Prentiss","12-January-2014 07:00","24.090","324.900","20.280","318.000"
"Prentiss","12-January-2014 08:00","24.790","335.300","22.990","328.900"
"Prentiss","12-January-2014 09:00","15.350","311.800","19.050","320.600"
"Prentiss","12-January-2014 10:00","14.260","302.200","12.400","301.500"
"Prentiss","12-January-2014 11:00","16.040","298.100","16.480","301.900"
"Prentiss","12-January-2014 12:00","12.110","279.300","12.360","288.700"
"Prentiss","12-January-2014 13:00","16.730","262.600","17.400","268.900"
"Prentiss","12-January-2014 14:00","11.470","268.000","14.300","261.200"
"Prentiss","12-January-2014 15:00","15.210","225.100","14.050","245.700"
"Prentiss","12-January-2014 16:00","19.420","199.200","16.500","205.900"
"Prentiss","12-January-2014 17:00","23.540","193.300","22.460","194.700"
"Prentiss","12-January-2014 18:00","23.990","191.300","23.590","191.500"
"Prentiss","12-January-2014 19:00","20.440","200.600","22.700","194.400"
"Prentiss","12-January-2014 20:00","25.510","239.600","22.200","212.500"
"Prentiss","12-January-2014 21:00","15.110","209.700","10.750","245.800"
"Prentiss","12-January-2014 22:00","15.990","206.500","14.370","206.200"
"Prentiss","12-January-2014 23:00","21.130","242.200","18.730","229.500"
"Prentiss","13-January-2014 00:00","9.780","274.500","14.540","275.600"
"Prentiss","13-January-2014 01:00","12.760","217.200","14.620","228.800"
"Prentiss","13-January-2014 02:00","12.690","230.100","9.610","224.300"
"Prentiss","13-January-2014 03:00","25.000","315.800","15.630","264.400"
"Prentiss","13-January-2014 04:00","21.170","321.800","15.720","290.100"
"Prentiss","13-January-2014 05:00","16.580","2.021","16.220","353.900"
"Prentiss","13-January-2014 06:00","24.370","5.140","21.700","0.014"
"Prentiss","13-January-2014 07:00","24.840","357.700","23.690","359.700"
"Prentiss","13-January-2014 08:00","29.860","332.000","29.430","346.700"
"Prentiss","13-January-2014 09:00","20.010","301.400","23.850","314.700"
"Prentiss","13-January-2014 10:00","36.970","345.700","31.110","328.300"
"Prentiss","13-January-2014 11:00","19.380","318.900","31.960","334.600"
"Prentiss","13-January-2014 12:00","27.090","331.700","19.730","311.800"
"Prentiss","13-January-2014 13:00","29.420","326.900","28.160","336.000"
"Prentiss","13-January-2014 14:00","19.560","311.500","19.530","317.100"
"Prentiss","13-January-2014 15:00","22.190","318.700","20.380","312.300"
"Prentiss","13-January-2014 16:00","31.530","320.400","30.730","320.500"
"Prentiss","13-January-2014 17:00","28.000","320.100","28.950","323.200"
"Prentiss","13-January-2014 18:00","28.570","311.800","33.670","319.800"
"Prentiss","13-January-2014 19:00","33.870","319.300","31.850","315.900"
"Prentiss","13-January-2014 20:00","37.540","324.900","33.050","322.500"
"Prentiss","13-January-2014 21:00","27.720","310.200","32.380","319.200"
"Prentiss","13-January-2014 22:00","15.420","295.700","21.450","303.300"
"Prentiss","13-January-2014 23:00","23.250","316.600","20.610","310.700"
"Prentiss","14-January-2014 00:00","16.420","307.100","19.810","306.500"
"Prentiss","14-January-2014 01:00","16.160","301.500","15.930","302.600"
"Prentiss","14-January-2014 02:00","14.310","296.200","15.960","293.300"
"Prentiss","14-January-2014 03:00","11.770","301.900","12.810","294.100"
"Prentiss","14-January-2014 04:00","14.150","252.100","12.690","275.200"
"Prentiss","14-January-2014 05:00","14.930","239.800","14.730","241.200"
"Prentiss","14-January-2014 06:00","16.930","232.200","17.350","231.700"
"Prentiss","14-January-2014 07:00","19.220","230.800","18.500","235.000"
"Prentiss","14-January-2014 08:00","29.740","223.600","23.700","223.700"
"Prentiss","14-January-2014 09:00","17.100","224.800","22.000","224.600"
"Prentiss","14-January-2014 10:00","13.980","220.200","15.450","221.300"
"Prentiss","14-January-2014 11:00","20.930","213.600","18.440","215.000"
"Prentiss","14-January-2014 12:00","20.700","214.700","20.920","212.600"
"Prentiss","14-January-2014 13:00","23.720","217.600","23.200","216.700"
"Prentiss","14-January-2014 14:00","22.280","228.000","22.350","223.400"
"Prentiss","14-January-2014 15:00","21.260","246.900","21.260","240.700"
"Prentiss","14-January-2014 16:00","25.340","240.700","25.310","239.000"
"Prentiss","14-January-2014 17:00","24.880","","23.990",""
"Prentiss","14-January-2014 18:00","24.420","226.000","22.680","233.300"
"Prentiss","14-January-2014 19:00","29.380","267.100","26.160","262.600"
"Prentiss","14-January-2014 20:00","26.820","255.500","28.080","267.300"
"Prentiss","14-January-2014 21:00","28.980","230.600","24.880","232.200"
"Prentiss","14-January-2014 22:00","34.140","228.600","30.800","227.900"
"Prentiss","14-January-2014 23:00","32.120","230.200","33.470","227.100"
"Prentiss","15-January-2014 00:00","28.010","235.100","31.210","235.900"
"Prentiss","15-January-2014 01:00","29.370","229.200","29.780","231.300"
"Prentiss","15-January-2014 02:00","31.170","224.200","31.450","227.500"
"Prentiss","15-January-2014 03:00","26.430","242.200","29.550","239.700"
"Prentiss","15-January-2014 04:00","30.680","274.000","30.540","260.200"
"Prentiss","15-January-2014 05:00","29.600","278.900","29.460","276.900"
"Prentiss","15-January-2014 06:00","33.780","289.000","30.780","284.800"
"Prentiss","15-January-2014 07:00","40.300","298.400","34.130","293.500"
"Prentiss","15-January-2014 08:00","49.140","299.700","49.460","301.100"
"Prentiss","15-January-2014 09:00","33.870","314.500","39.760","307.400"
"Prentiss","15-January-2014 10:00","53.520","320.000","46.600","320.300"
"Prentiss","15-January-2014 11:00","60.890","325.600","60.790","324.300"
"Prentiss","15-January-2014 12:00","64.560","324.700","63.330","324.700"
"Prentiss","15-January-2014 13:00","53.150","329.800","54.340","327.700"
"Prentiss","15-January-2014 14:00","44.550","329.000","43.660","328.200"
"Prentiss","15-January-2014 15:00","43.140","336.100","42.390","332.200"
"Prentiss","15-January-2014 16:00","43.120","334.900","42.630","335.300"
"Prentiss","15-January-2014 17:00","32.160","336.500","31.180","338.500"
"Prentiss","15-January-2014 18:00","36.910","333.000","34.460","334.700"
"Prentiss","15-January-2014 19:00","28.460","328.600","32.420","328.900"
"Prentiss","15-January-2014 20:00","24.260","322.300","27.880","327.600"
"Prentiss","15-January-2014 21:00","19.140","312.500","21.070","317.300"
"Prentiss","15-January-2014 22:00","18.200","320.100","18.200","313.500"
"Prentiss","15-January-2014 23:00","18.700","301.200","18.090","308.300"
"Prentiss","16-January-2014 00:00","16.000","286.600","15.820","298.700"
"Prentiss","16-January-2014 01:00","15.460","280.700","16.940","282.700"
"Prentiss","16-January-2014 02:00","14.550","294.100","15.800","286.700"
"Prentiss","16-January-2014 03:00","14.500","271.600","14.110","283.300"
"Prentiss","16-January-2014 04:00","12.580","276.700","13.340","278.300"
"Prentiss","16-January-2014 05:00","13.190","269.200","13.470","272.600"
"Prentiss","16-January-2014 06:00","17.530","224.800","16.390","238.200"
"Prentiss","16-January-2014 07:00","13.360","234.900","16.210","230.600"
"Prentiss","16-January-2014 08:00","21.620","222.100","18.450","224.000"
"Prentiss","16-January-2014 09:00","28.600","231.700","25.290","228.600"
"Prentiss","16-January-2014 10:00","30.430","226.900","30.530","229.200"
"Prentiss","16-January-2014 11:00","30.970","227.500","29.770","224.400"
"Prentiss","16-January-2014 12:00","24.640","212.100","28.730","220.000"
"Prentiss","16-January-2014 13:00","21.720","234.000","21.810","217.200"
"Prentiss","16-January-2014 14:00","16.050","252.400","16.000","249.300"
"Prentiss","16-January-2014 15:00","18.300","233.800","16.680","241.100"
"Prentiss","16-January-2014 16:00","16.990","242.800","15.280","239.300"
"Prentiss","16-January-2014 17:00","16.300","236.700","15.120","242.000"
"Prentiss","16-January-2014 18:00","16.460","239.700","16.410","236.400"
"Prentiss","16-January-2014 19:00","21.900","226.200","19.140","229.400"
"Prentiss","16-January-2014 20:00","12.780","238.000","17.320","226.800"
"Prentiss","16-January-2014 21:00","21.890","221.600","19.990","223.800"
"Prentiss","16-January-2014 22:00","16.350","216.100","13.880","216.400"
"Prentiss","16-January-2014 23:00","20.590","219.300","19.690","214.200"
"Prentiss","17-January-2014 00:00","22.460","230.600","23.330","225.700"
"Prentiss","17-January-2014 01:00","22.470","230.200","22.020","233.700"
"Prentiss","17-January-2014 02:00","20.950","249.000","19.280","242.800"
"Prentiss","17-January-2014 03:00","15.410","250.900","17.700","254.500"
"Prentiss","17-January-2014 04:00","15.930","273.900","14.740","258.900"
"Prentiss","17-January-2014 05:00","18.590","277.200","17.160","272.600"
"Prentiss","17-January-2014 06:00","18.090","287.800","17.810","281.800"
"Prentiss","17-January-2014 07:00","13.930","292.200","13.890","289.200"
"Prentiss","17-January-2014 08:00","14.480","294.500","14.880","294.400"
"Prentiss","17-January-2014 09:00","30.910","329.400","20.780","315.100"
"Prentiss","17-January-2014 10:00","25.220","316.800","29.190","323.200"
"Prentiss","17-January-2014 11:00","25.550","","27.780",""
"Prentiss","17-January-2014 12:00","25.890","318.000","26.370","318.900"
"Prentiss","17-January-2014 13:00","27.200","329.900","26.400","325.700"
"Prentiss","17-January-2014 14:00","23.500","326.500","24.630","331.300"
"Prentiss","17-January-2014 15:00","13.860","293.900","19.640","315.300"
"Prentiss","17-January-2014 16:00","13.330","290.400","13.710","292.900"
"Prentiss","17-January-2014 17:00","23.900","333.700","21.020","324.600"
"Prentiss","17-January-2014 18:00","11.680","314.500","12.440","315.500"
"Prentiss","17-January-2014 19:00","16.010","313.100","18.430","319.900"
"Prentiss","17-January-2014 20:00","16.940","310.900","18.650","322.600"
"Prentiss","17-January-2014 21:00","20.550","329.400","16.700","317.300"
"Prentiss","17-January-2014 22:00","15.850","269.600","15.180","295.100"
"Prentiss","17-January-2014 23:00","13.440","267.200","14.140","267.000"
"Prentiss","18-January-2014 00:00","17.770","224.800","15.790","234.400"
"Prentiss","18-January-2014 01:00","17.830","223.000","18.550","222.700"
"Prentiss","18-January-2014 02:00","20.640","215.500","19.220","220.900"
"Prentiss","18-January-2014 03:00","23.110","218.800","21.440","217.400"
"Prentiss","18-January-2014 04:00","18.010","216.800","19.850","216.900"
"Prentiss","18-January-2014 05:00","25.290","214.600","25.100","217.700"
"Prentiss","18-January-2014 06:00","15.650","220.200","22.190","215.200"
"Prentiss","18-January-2014 07:00","12.960","249.100","14.000","237.500"
"Prentiss","18-January-2014 08:00","19.480","245.100","16.360","241.200"
"Prentiss","18-January-2014 09:00","22.010","264.100","20.460","260.500"
"Prentiss","18-January-2014 10:00","17.420","252.600","19.110","259.200"
"Prentiss","18-January-2014 11:00","18.610","250.500","19.120","252.500"
"Prentiss","18-January-2014 12:00","24.530","263.400","24.700","261.900"
"Prentiss","18-January-2014 13:00","20.450","271.200","20.300","273.700"
"Prentiss","18-January-2014 14:00","17.850","278.200","19.300","275.900"
"Prentiss","18-January-2014 15:00","18.570","252.800","20.740","265.900"
"Prentiss","18-January-2014 16:00","16.290","256.000","14.430","249.600"
"Prentiss","18-January-2014 17:00","25.210","233.300","21.830","233.300"
"Prentiss","18-January-2014 18:00","25.800","236.700","26.200","234.800"
"Prentiss","18-January-2014 19:00","29.790","266.000","26.270","256.300"
"Prentiss","18-January-2014 20:00","22.700","276.800","24.460","277.300"
"Prentiss","18-January-2014 21:00","24.670","291.700","22.230","283.700"
"Prentiss","18-January-2014 22:00","20.200","315.400","21.910","308.800"
"Prentiss","18-January-2014 23:00","10.690","273.800","15.050","304.500"
"Prentiss","19-January-2014 00:00","12.630","278.300","13.540","290.900"
"Prentiss","19-January-2014 01:00","13.280","272.200","11.700","275.200"
"Prentiss","19-January-2014 02:00","15.470","287.300","15.750","285.800"
"Prentiss","19-January-2014 03:00","13.080","284.900","14.270","283.400"
"Prentiss","19-January-2014 04:00","18.220","286.000","15.850","281.400"
"Prentiss","19-January-2014 05:00","13.200","269.100","13.980","290.800"
"Prentiss","19-January-2014 06:00","13.450","288.700","14.100","278.200"
"Prentiss","19-January-2014 07:00","14.020","288.100","14.530","286.100"
"Prentiss","19-January-2014 08:00","15.700","305.500","14.670","295.100"
"Prentiss","19-January-2014 09:00","15.920","298.600","16.290","302.100"
"Prentiss","19-January-2014 10:00","14.710","274.600","14.730","290.100"
"Prentiss","19-January-2014 11:00","15.340","289.000","15.650","281.400"
"Prentiss","19-January-2014 12:00","15.690","316.600","13.840","292.000"
"Prentiss","19-January-2014 13:00","48.380","324.800","30.920","319.500"
"Prentiss","19-January-2014 14:00","36.140","325.000","39.440","326.000"
"Prentiss","19-January-2014 15:00","24.960","308.200","26.990","313.300"
"Prentiss","19-January-2014 16:00","32.350","308.100","28.580","306.800"
"Prentiss","19-January-2014 17:00","32.820","307.700","32.490","308.600"
"Prentiss","19-January-2014 18:00","33.460","304.400","32.310","303.400"
"Prentiss","19-January-2014 19:00","28.560","301.000","30.290","297.700"
"Prentiss","19-January-2014 20:00","33.770","310.100","32.840","305.300"
"Prentiss","19-January-2014 21:00","29.700","310.500","32.230","310.500"
"Prentiss","19-January-2014 22:00","25.850","301.300","26.510","306.900"
"Prentiss","19-January-2014 23:00","21.690","309.600","25.220","307.900"
"Prentiss","20-January-2014 00:00","19.960","307.400","20.350","309.200"
"Prentiss","20-January-2014 01:00","13.860","277.900","14.200","289.500"
"Prentiss","20-January-2014 02:00","16.320","269.400","14.360","276.000"
"Prentiss","20-January-2014 03:00","15.810","290.700","15.300","286.500"
"Prentiss","20-January-2014 04:00","13.080","287.500","13.680","287.900"
"Prentiss","20-January-2014 05:00","11.140","","12.480",""
"Prentiss","20-January-2014 06:00","9.200","249.100","11.290","271.200"
"Prentiss","20-January-2014 07:00","2.010","222.600","8.170","235.400"
"Prentiss","20-January-2014 08:00","17.300","221.800","16.520","225.100"
"Prentiss","20-January-2014 09:00","15.510","229.500","15.560","222.300"
"Prentiss","20-January-2014 10:00","12.930","228.600","14.620","227.300"
"Prentiss","20-January-2014 11:00","8.870","203.400","13.870","214.400"
"Prentiss","20-January-2014 12:00","9.550","174.900","8.450","198.400"
"Prentiss","20-January-2014 13:00","18.180","210.600","13.300","200.800"
"Prentiss","20-January-2014 14:00","23.620","209.500","21.810","207.000"
"Prentiss","20-January-2014 15:00","27.880","212.900","27.930","211.900"
"Prentiss","20-January-2014 16:00","21.400","242.800","19.240","231.900"
"Prentiss","20-January-2014 17:00","18.720","252.000","22.820","239.300"
"Prentiss","20-January-2014 18:00","16.150","271.500","18.220","266.100"
"Prentiss","20-January-2014 19:00","15.310","274.200","15.840","276.500"
"Prentiss","20-January-2014 20:00","16.850","266.900","15.950","273.200"
"Prentiss","20-January-2014 21:00","16.400","276.700","16.380","272.500"
"Prentiss","20-January-2014 22:00","19.610","289.100","18.490","283.900"
"Prentiss","20-January-2014 23:00","19.960","287.700","19.580","287.600"
"Prentiss","21-January-2014 00:00","19.230","302.300","18.750","296.400"
"Prentiss","21-January-2014 01:00","15.490","299.600","16.640","303.100"
"Prentiss","21-January-2014 02:00","18.560","306.300","15.710","299.500"
"Prentiss","21-January-2014 03:00","20.450","294.300","18.990","300.900"
"Prentiss","21-January-2014 04:00","21.450","309.000","19.870","297.000"
"Prentiss","21-January-2014 05:00","13.220","297.000","17.840","308.400"
"Prentiss","21-January-2014 06:00","15.360","310.500","13.900","301.400"
"Prentiss","21-January-2014 07:00","12.880","299.000","13.270","298.800"
"Prentiss","21-January-2014 08:00","14.160","297.800","13.410","296.300"
"Prentiss","21-January-2014 09:00","15.390","296.700","15.170","296.900"
"Prentiss","21-January-2014 10:00","15.370","296.200","15.000","295.200"
"Prentiss","21-January-2014 11:00","15.140","306.100","14.950","298.800"
"Prentiss","21-January-2014 12:00","13.580","305.500","14.940","300.600"
"Prentiss","21-January-2014 13:00","13.910","297.500","14.430","298.800"
"Prentiss","21-January-2014 14:00","13.470","311.200","14.910","304.500"
"Prentiss","21-January-2014 15:00","12.600","300.800","13.170","306.000"
"Prentiss","21-January-2014 16:00","13.310","319.900","11.610","310.600"
"Prentiss","21-January-2014 17:00","10.060","341.600","11.940","323.900"
"Prentiss","21-January-2014 18:00","11.280","9.000","9.200","359.000"
"Prentiss","21-January-2014 19:00","10.430","25.530","10.740","19.600"
"Prentiss","21-January-2014 20:00","9.230","47.190","9.990","37.340"
"Prentiss","21-January-2014 21:00","7.090","87.400","7.750","90.900"
"Prentiss","21-January-2014 22:00","9.780","125.300","9.590","113.000"
"Prentiss","21-January-2014 23:00","11.550","129.200","10.060","135.800"
"Prentiss","22-January-2014 00:00","10.110","135.600","9.630","126.000"
"Prentiss","22-January-2014 01:00","11.500","104.100","10.990","126.500"
"Prentiss","22-January-2014 02:00","11.890","146.800","10.690","128.600"
"Prentiss","22-January-2014 03:00","13.870","136.800","15.570","142.600"
"Prentiss","22-January-2014 04:00","15.980","155.700","12.880","150.300"
"Prentiss","22-January-2014 05:00","9.230","135.700","12.120","152.000"
"Prentiss","22-January-2014 06:00","11.750","137.700","9.810","124.000"
"Prentiss","22-January-2014 07:00","14.940","127.400","12.230","120.600"
"Prentiss","22-January-2014 08:00","11.500","158.200","13.270","140.500"
"Prentiss","22-January-2014 09:00","10.100","142.100","11.460","129.800"
"Prentiss","22-January-2014 10:00","16.740","131.500","13.560","144.000"
"Prentiss","22-January-2014 11:00","12.910","172.300","10.810","141.000"
"Prentiss","22-January-2014 12:00","15.690","215.900","15.430","194.300"
"Prentiss","22-January-2014 13:00","25.570","215.500","21.580","217.700"
"Prentiss","22-January-2014 14:00","7.140","175.400","15.020","200.400"
"Prentiss","22-January-2014 15:00","7.460","160.000","9.050","171.600"
"Prentiss","22-January-2014 16:00","6.726","129.100","6.671","140.300"
"Prentiss","22-January-2014 17:00","11.460","226.200","8.630","189.400"
"Prentiss","22-January-2014 18:00","5.906","168.500","12.870","205.300"
"Prentiss","22-January-2014 19:00","8.580","216.900","4.884","179.000"
"Prentiss","22-January-2014 20:00","20.080","222.300","17.520","217.000"
"Prentiss","22-January-2014 21:00","27.200","235.100","27.890","230.900"
"Prentiss","22-January-2014 22:00","20.030","244.100","24.530","234.200"
"Prentiss","22-January-2014 23:00","9.100","","24.530",""
"Prentiss","23-January-2014 00:00","16.840","253.000","17.560","249.000"
"Prentiss","23-January-2014 01:00","16.820","252.200","17.590","253.300"
"Prentiss","23-January-2014 02:00","16.840","256.600","16.280","251.400"
"Prentiss","23-January-2014 03:00","16.020","254.200","16.400","252.900"
"Prentiss","23-January-2014 04:00","17.200","262.500","17.520","259.800"
"Prentiss","23-January-2014 05:00","14.850","253.800","15.720","258.200"
"Prentiss","23-January-2014 06:00","15.160","276.900","14.820","267.000"
"Prentiss","23-January-2014 07:00","15.330","250.000","16.290","259.500"
"Prentiss","23-January-2014 08:00","16.770","246.600","16.510","256.100"
"Prentiss","23-January-2014 09:00","17.780","239.500","17.030","244.300"
"Prentiss","23-January-2014 10:00","13.440","268.000","16.480","247.700"
"Prentiss","23-January-2014 11:00","22.370","274.100","17.510","275.600"
"Prentiss","23-January-2014 12:00","25.250","281.100","23.780","278.100"
"Prentiss","23-January-2014 13:00","19.820","292.300","23.250","290.400"
"Prentiss","23-January-2014 14:00","20.800","287.700","19.470","292.200"
"Prentiss","23-January-2014 15:00","21.690","302.000","19.620","295.500"
"Prentiss","23-January-2014 16:00","21.630","305.000","22.510","302.700"
"Prentiss","23-January-2014 17:00","13.610","293.100","16.780","298.400"
"Prentiss","23-January-2014 18:00","14.240","275.200","12.990","275.900"
"Prentiss","23-January-2014 19:00","15.730","274.000","15.760","274.300"
"Prentiss","23-January-2014 20:00","16.250","271.700","15.620","274.000"
"Prentiss","23-January-2014 21:00","17.960","268.400","17.110","269.400"
"Prentiss","23-January-2014 22:00","16.030","243.900","17.760","263.800"
"Prentiss","23-January-2014 23:00","17.340","234.900","17.610","235.300"
"Prentiss","24-January-2014 00:00","19.010","252.300","17.850","246.800"
"Prentiss","24-January-2014 01:00","17.390","265.100","17.820","260.600"
"Prentiss","24-January-2014 02:00","20.710","276.900","19.580","273.200"
"Prentiss","24-January-2014 03:00","22.670","282.100","21.230","281.100"
"Prentiss","24-January-2014 04:00","27.290","310.700","23.550","295.500"
"Prentiss","24-January-2014 05:00","26.450","308.900","26.170","310.100"
"Prentiss","24-January-2014 06:00","25.950","308.400","26.450","307.800"
"Prentiss","24-January-2014 07:00","25.820","303.500","26.230","304.800"
"Prentiss","24-January-2014 08:00","28.200","307.700","26.310","305.700"
"Prentiss","24-January-2014 09:00","28.230","309.200","28.520","308.000"
"Prentiss","24-January-2014 10:00","26.680","314.100","27.650","311.700"
"Prentiss","24-January-2014 11:00","22.260","312.200","24.130","312.700"
"Prentiss","24-January-2014 12:00","27.020","306.800","23.330","305.700"
"Prentiss","24-January-2014 13:00","22.780","308.900","25.370","309.000"
"Prentiss","24-January-2014 14:00","14.690","303.400","17.430","304.900"
"Prentiss","24-January-2014 15:00","18.460","305.000","17.310","301.900"
"Prentiss","24-January-2014 16:00","18.650","309.700","17.530","311.600"
"Prentiss","24-January-2014 17:00","17.330","302.600","15.260","305.800"
"Prentiss","24-January-2014 18:00","11.790","329.100","14.550","315.200"
"Prentiss","24-January-2014 19:00","11.780","319.900","10.880","306.500"
"Prentiss","24-January-2014 20:00","11.690","302.400","12.370","313.900"
"Prentiss","24-January-2014 21:00","12.720","273.700","12.460","288.700"
"Prentiss","24-January-2014 22:00","18.740","242.600","15.730","251.400"
"Prentiss","24-January-2014 23:00","14.150","256.400","16.380","253.000"
"Prentiss","25-January-2014 00:00","17.220","255.300","16.230","250.100"
"Prentiss","25-January-2014 01:00","17.910","253.700","16.700","262.900"
"Prentiss","25-January-2014 02:00","18.990","239.500","17.960","244.600"
"Prentiss","25-January-2014 03:00","18.420","245.600","20.110","241.300"
"Prentiss","25-January-2014 04:00","16.790","256.400","17.500","256.100"
"Prentiss","25-January-2014 05:00","20.120","270.600","20.010","266.200"
"Prentiss","25-January-2014 06:00","14.170","283.700","16.490","279.600"
"Prentiss","25-January-2014 07:00","14.920","280.500","15.270","285.100"
"Prentiss","25-January-2014 08:00","17.290","278.200","17.160","274.300"
"Prentiss","25-January-2014 09:00","19.760","291.500","18.210","282.300"
"Prentiss","25-January-2014 10:00","26.000","308.000","22.670","304.000"
"Prentiss","25-January-2014 11:00","38.160","321.600","32.570","315.700"
"Prentiss","25-January-2014 12:00","41.090","325.300","41.200","321.900"
"Prentiss","25-January-2014 13:00","41.770","326.300","41.700","324.600"
"Prentiss","25-January-2014 14:00","27.640","314.100","33.260","320.700"
"Prentiss","25-January-2014 15:00","27.170","315.900","25.650","315.500"
"Prentiss","25-January-2014 16:00","23.270","317.300","25.130","316.100"
"Prentiss","25-January-2014 17:00","25.500","317.500","25.780","313.800"
"Prentiss","25-January-2014 18:00","24.580","318.200","23.900","315.300"
"Prentiss","25-January-2014 19:00","26.480","320.400","27.470","321.100"
"Prentiss","25-January-2014 20:00","30.960","322.800","28.690","322.600"
"Prentiss","25-January-2014 21:00","27.800","329.100","27.300","321.400"
"Prentiss","25-January-2014 22:00","17.640","304.400","22.700","317.600"
"Prentiss","25-January-2014 23:00","19.720","308.500","18.850","303.300"
"Prentiss","26-January-2014 00:00","24.700","322.800","20.870","311.700"
"Prentiss","26-January-2014 01:00","32.690","350.500","32.490","338.500"
"Prentiss","26-January-2014 02:00","37.910","342.200","34.960","340.700"
"Prentiss","26-January-2014 03:00","53.640","346.800","44.060","342.200"
"Prentiss","26-January-2014 04:00","42.630","6.821","41.760","3.919"
"Prentiss","26-January-2014 05:00","43.270","7.030","41.230","6.732"
"Prentiss","26-January-2014 06:00","38.150","9.690","40.540","5.808"
"Prentiss","26-January-2014 07:00","34.620","14.490","38.570","13.360"
"Prentiss","26-January-2014 08:00","31.450","13.580","29.490","9.760"
"Prentiss","26-January-2014 09:00","25.430","23.970","29.040","20.070"
"Prentiss","26-January-2014 10:00","16.420","357.800","20.630","15.530"
"Prentiss","26-January-2014 11:00","13.690","18.760","15.320","19.220"
"Prentiss","26-January-2014 12:00","12.980","20.550","15.500","24.920"
"Prentiss","26-January-2014 13:00","5.910","30.930","9.020","27.940"
"Prentiss","26-January-2014 14:00","1.394","330.300","4.221","10.960"
"Prentiss","26-January-2014 15:00","2.819","167.500","2.972","155.000"
"Prentiss","26-January-2014 16:00","7.240","124.500","5.028","122.800"
"Prentiss","26-January-2014 17:00","7.640","128.600","6.773","120.000"
"Prentiss","26-January-2014 18:00","5.273","151.800","5.075","149.000"
"Prentiss","26-January-2014 19:00","4.940","226.500","2.280","188.100"
"Prentiss","26-January-2014 20:00","11.890","249.300","8.890","249.900"
"Prentiss","26-January-2014 21:00","12.700","259.800","12.590","247.100"
"Prentiss","26-January-2014 22:00","12.020","261.600","12.680","259.000"
"Prentiss","26-January-2014 23:00","8.610","266.600","10.520","264.600"
"Prentiss","27-January-2014 00:00","9.410","279.200","9.480","275.000"
"Prentiss","27-January-2014 01:00","7.080","320.000","8.160","299.300"
"Prentiss","27-January-2014 02:00","7.460","295.500","7.120","304.000"
"Prentiss","27-January-2014 03:00","7.920","291.000","7.210","288.700"
"Prentiss","27-January-2014 04:00","10.620","288.100","8.980","288.600"
"Prentiss","27-January-2014 05:00","8.430","305.600","9.830","292.600"
"Prentiss","27-January-2014 06:00","10.320","335.400","8.150","318.700"
"Prentiss","27-January-2014 07:00","11.470","338.200","10.840","341.700"
"Prentiss","27-January-2014 08:00","9.200","316.500","8.940","322.200"
"Prentiss","27-January-2014 09:00","9.260","266.700","9.660","279.200"
"Prentiss","27-January-2014 10:00","10.830","267.800","9.930","269.200"
"Prentiss","27-January-2014 11:00","10.330","286.000","10.410","283.000"
"Prentiss","27-January-2014 12:00","7.450","269.600","8.500","279.500"
"Prentiss","27-January-2014 13:00","5.941","269.900","7.230","268.900"
"Prentiss","27-January-2014 14:00","5.603","231.700","5.375","252.500"
"Prentiss","27-January-2014 15:00","3.577","195.600","5.483","233.400"
"Prentiss","27-January-2014 16:00","5.149","161.300","5.289","172.700"
"Prentiss","27-January-2014 17:00","8.350","149.600","7.970","146.500"
"Prentiss","27-January-2014 18:00","8.150","155.900","8.000","157.200"
"Prentiss","27-January-2014 19:00","20.140","229.000","10.860","207.100"
"Prentiss","27-January-2014 20:00","21.520","241.700","20.820","241.600"
"Prentiss","27-January-2014 21:00","19.730","222.300","20.850","225.400"
"Prentiss","27-January-2014 22:00","15.910","220.600","17.890","219.200"
"Prentiss","27-January-2014 23:00","15.380","209.700","16.040","215.300"
"Prentiss","28-January-2014 00:00","4.939","188.300","6.481","166.600"
"Prentiss","28-January-2014 01:00","6.211","158.900","11.620","193.700"
"Prentiss","28-January-2014 02:00","5.731","122.200","6.256","139.400"
"Prentiss","28-January-2014 03:00","21.570","203.800","11.590","173.700"
"Prentiss","28-January-2014 04:00","31.380","219.200","25.990","213.200"
"Prentiss","28-January-2014 05:00","2.115","49.440","12.440","207.100"
"Prentiss","28-January-2014 06:00","18.540","227.000","10.230","218.500"
"Prentiss","28-January-2014 07:00","32.290","241.100","23.610","237.400"
"Prentiss","28-January-2014 08:00","23.650","250.000","25.720","246.100"
"Prentiss","28-January-2014 09:00","21.540","271.800","22.890","263.700"
"Prentiss","28-January-2014 10:00","18.190","274.400","20.190","270.000"
"Prentiss","28-January-2014 11:00","21.160","274.500","21.010","271.200"
"Prentiss","28-January-2014 12:00","21.090","284.300","20.630","279.300"
"Prentiss","28-January-2014 13:00","22.050","281.300","23.500","283.500"
"Prentiss","28-January-2014 14:00","21.620","281.800","21.950","280.900"
"Prentiss","28-January-2014 15:00","16.780","280.700","18.380","276.600"
"Prentiss","28-January-2014 16:00","13.980","276.800","15.900","284.200"
"Prentiss","28-January-2014 17:00","16.680","255.900","16.670","258.500"
"Prentiss","28-January-2014 18:00","17.560","279.500","17.790","276.400"
"Prentiss","28-January-2014 19:00","19.270","286.300","18.410","284.600"
"Prentiss","28-January-2014 20:00","16.930","280.800","16.650","288.400"
"Prentiss","28-January-2014 21:00","24.770","328.700","20.400","312.500"
"Prentiss","28-January-2014 22:00","19.540","311.400","19.850","308.300"
"Prentiss","28-January-2014 23:00","16.130","315.300","20.320","323.700"
"Prentiss","29-January-2014 00:00","19.400","319.900","23.380","329.700"
"Prentiss","29-January-2014 01:00","14.590","298.200","19.220","320.400"
"Prentiss","29-January-2014 02:00","17.550","316.000","15.620","311.100"
"Prentiss","29-January-2014 03:00","10.400","316.200","15.050","327.400"
"Prentiss","29-January-2014 04:00","14.960","1.714","14.470","358.200"
"Prentiss","29-January-2014 05:00","12.400","356.200","12.620","348.500"
"Prentiss","29-January-2014 06:00","16.720","356.500","14.550","344.100"
"Prentiss","29-January-2014 07:00","13.000","355.900","14.120","359.700"
"Prentiss","29-January-2014 08:00","13.130","21.550","11.810","11.970"
"Prentiss","29-January-2014 09:00","8.810","29.160","10.820","29.430"
"Prentiss","29-January-2014 10:00","8.450","42.150","9.430","39.430"
"Prentiss","29-January-2014 11:00","12.500","44.770","11.550","46.080"
"Prentiss","29-January-2014 12:00","13.840","52.180","13.820","47.430"
"Prentiss","29-January-2014 13:00","15.690","56.500","15.590","49.940"
"Prentiss","29-January-2014 14:00","13.680","54.970","15.130","61.910"
"Prentiss","29-January-2014 15:00","11.800","25.200","13.680","39.800"
"Prentiss","29-January-2014 16:00","11.090","15.060","12.560","18.260"
"Prentiss","29-January-2014 17:00","15.810","1.738","12.710","5.186"
"Prentiss","29-January-2014 18:00","16.370","5.023","17.600","3.291"
"Prentiss","29-January-2014 19:00","19.540","356.500","18.670","356.200"
"Prentiss","29-January-2014 20:00","26.600","349.300","22.530","351.500"
"Prentiss","29-January-2014 21:00","23.910","337.600","22.970","344.200"
"Prentiss","29-January-2014 22:00","24.830","345.000","24.000","341.200"
"Prentiss","29-January-2014 23:00","29.570","348.200","29.650","350.500"
"Prentiss","30-January-2014 00:00","34.240","345.200","31.320","345.200"
"Prentiss","30-January-2014 01:00","24.420","345.000","26.710","346.800"
"Prentiss","30-January-2014 02:00","26.320","348.800","21.850","346.700"
"Prentiss","30-January-2014 03:00","14.750","5.413","21.720","349.000"
"Prentiss","30-January-2014 04:00","18.190","341.000","16.560","351.500"
"Prentiss","30-January-2014 05:00","22.140","339.700","25.000","335.500"
"Prentiss","30-January-2014 06:00","31.360","329.900","25.180","331.700"
"Prentiss","30-January-2014 07:00","23.280","329.600","27.660","334.700"
"Prentiss","30-January-2014 08:00","34.090","323.600","30.610","322.600"
"Prentiss","30-January-2014 09:00","26.830","325.200","28.650","326.800"
"Prentiss","30-January-2014 10:00","27.230","319.800","23.820","318.300"
"Prentiss","30-January-2014 11:00","21.770","307.900","21.330","313.700"
"Prentiss","30-January-2014 12:00","23.930","311.000","24.020","310.200"
"Prentiss","30-January-2014 13:00","21.780","309.100","23.890","313.600"
"Prentiss","30-January-2014 14:00","14.680","311.000","18.000","311.900"
"Prentiss","30-January-2014 15:00","14.150","297.900","14.350","309.500"
"Prentiss","30-January-2014 16:00","9.910","277.800","11.480","297.200"
"Prentiss","30-January-2014 17:00","9.190","271.300","9.480","278.600"
"Prentiss","30-January-2014 18:00","13.950","245.200","12.090","247.400"
"Prentiss","30-January-2014 19:00","21.010","239.200","18.690","242.600"
"Prentiss","30-January-2014 20:00","21.750","230.200","21.500","235.000"
"Prentiss","30-January-2014 21:00","23.400","235.400","23.060","228.500"
"Prentiss","30-January-2014 22:00","22.620","245.900","24.370","242.000"
"Prentiss","30-January-2014 23:00","22.090","247.000","20.090","244.200"
"Prentiss","31-January-2014 00:00","24.950","260.400","19.980","258.800"
"Prentiss","31-January-2014 01:00","20.940","267.700","22.880","264.300"
"Prentiss","31-January-2014 02:00","22.580","269.600","20.110","263.800"
"Prentiss","31-January-2014 03:00","22.000","280.800","22.520","274.400"
"Prentiss","31-January-2014 04:00","27.000","307.300","23.440","291.900"
"Prentiss","31-January-2014 05:00","34.200","315.700","35.430","317.000"
"Prentiss","31-January-2014 06:00","33.380","325.500","34.460","320.000"
"Prentiss","31-January-2014 07:00","32.040","332.800","30.960","332.100"
"Prentiss","31-January-2014 08:00","46.500","328.200","35.480","326.800"
"Prentiss","31-January-2014 09:00","38.770","327.600","39.900","327.500"
"Prentiss","31-January-2014 10:00","33.990","334.400","33.100","331.800"
"Prentiss","31-January-2014 11:00","38.330","337.200","33.440","337.100"
"Prentiss","31-January-2014 12:00","38.080","341.800","37.620","340.100"
"Prentiss","31-January-2014 13:00","32.950","349.800","35.630","345.300"
"Prentiss","31-January-2014 14:00","31.510","339.500","34.880","342.600"
"Prentiss","31-January-2014 15:00","20.910","3.444","27.210","349.300"
"Prentiss","31-January-2014 16:00","24.290","342.100","20.130","350.500"
"Prentiss","31-January-2014 17:00","29.370","339.400","26.660","340.100"
"Prentiss","31-January-2014 18:00","32.540","339.600","28.940","338.000"
"Prentiss","31-January-2014 19:00","24.760","344.700","26.160","341.300"
"Prentiss","31-January-2014 20:00","23.480","326.200","22.890","335.700"
"Prentiss","31-January-2014 21:00","18.040","315.600","18.030","319.300"
"Prentiss","31-January-2014 22:00","18.140","304.600","19.970","312.000"
"Prentiss","31-January-2014 23:00","18.430","302.400","19.220","304.000"
